AnimalID,MuscleID,Img-NMJ_ID,ImgID,NMJ_id,Denervation,Notes
7736,EDL-G,1a,1,a,Partielle,
7736,EDL-G,1b,1,b,Partielle,
7736,EDL-G,2,2,a,Partielle,
7736,EDL-G,3,3,a,Complete,
7736,EDL-G,4a,4,a,Non,
7736,EDL-G,4b,4,b,Partielle,
7736,EDL-G,5,5,a,Partielle,
7736,EDL-G,6,6,a,Partielle,
7736,EDL-G,7,7,a,Complete,
7736,EDL-G,8a,8,a,Non,
7736,EDL-G,8b,8,b,Non,
7736,EDL-G,9a,9,a,Non,
7736,EDL-G,9b,9,b,Non,
7736,EDL-G,9c,9,c,Non,
7738,EDL-D,1,1,a,Partielle,
7738,EDL-D,2a,2,a,Partielle,
7738,EDL-D,2b,2,b,Partielle,
7738,EDL-D,3,3,a,Non,
7738,EDL-D,4a,4,a,Partielle,
7738,EDL-D,4b,4,b,Non,
7738,EDL-D,5a,5,a,Complete,
7738,EDL-D,5b,5,b,Complete,
7738,EDL-D,6a,6,a,Complete,
7738,EDL-D,6b,6,b,Complete,
7738,EDL-D,7a,7,a,Complete,
7738,EDL-D,7b,7,b,Complete,
7738,EDL-D,8,8,a,Complete,
7738,EDL-D,9,9,a,Partielle,
7738,EDL-D,10a,10,a,Complete,
7738,EDL-D,10b,10,b,Complete,
7738,EDL-D,11a,11,a,Non,
7738,EDL-D,11b,11,b,Non,
7771,EDL-D,1a,1,a,Complete,
7771,EDL-D,1b,1,b,Complete,
7771,EDL-D,1c,1,c,Partielle,
7771,EDL-D,2a,2,a,Partielle,
7771,EDL-D,2b,2,b,Complete,
7771,EDL-D,3a,3,a,Partielle,
7771,EDL-D,3b,3,b,Non,
7771,EDL-D,4a,4,a,Complete,
7771,EDL-D,4b,4,b,Complete,
7771,EDL-D,5a,5,a,Complete,
7771,EDL-D,5b,5,b,Complete,
7771,EDL-D,5c,5,c,Complete,
7771,EDL-D,6a,6,a,Complete,
7771,EDL-D,6b,6,b,Partielle,
7771,EDL-D,6c,6,c,Complete,
7771,EDL-D,7a,7,a,Complete,
7771,EDL-D,7b,7,b,Complete,
7771,EDL-D,8,8,a,Complete,
7771,EDL-D,9a,9,a,Complete,
7771,EDL-D,9b,9,b,Complete,
7771,EDL-D,9c,9,c,Complete,
7771,EDL-D,10,10,a,Partielle,
7771,EDL-D,11a,11,a,Partielle,
7771,EDL-D,11b,11,b,Complete,
7771,EDL-D,12a,12,a,Complete,
7771,EDL-D,12b,12,b,Complete,
7771,EDL-D,13a,13,a,Complete,
7771,EDL-D,13b,13,b,Complete,
7771,EDL-D,14a,14,a,Complete,
7771,EDL-D,14b,14,b,Complete,
7771,EDL-D,14c,14,c,Complete,
7771,EDL-D,14d,14,d,Complete,
7771,EDL-D,15,15,a,Complete,
7771,EDL-D,16,16,a,Partielle,
7771,EDL-D,17a,17,a,Partielle,
7771,EDL-D,17b,17,b,Partielle,
7771,EDL-D,17c,17,c,Partielle,
7771,EDL-D,17d,17,d,Partielle,
7771,EDL-D,18a,18,a,Complete,
7771,EDL-D,18b,18,b,Complete,
7771,EDL-D,19a,19,a,Complete,
7771,EDL-D,19b,19,b,Complete,
7771,EDL-D,19c,19,c,Complete,
7771,EDL-D,19d,19,d,Complete,
7771,EDL-D,19e,19,e,Complete,
7753,EDL-G,1,1,a,Partielle,
7753,EDL-G,2,2,a,Partielle,
7753,EDL-G,3a,3,a,Partielle,
7753,EDL-G,3b,3,b,Partielle,
7753,EDL-G,3c,3,c,Partielle,
7753,EDL-G,4,4,a,Complete,
7753,EDL-G,5a,5,a,Complete,
7753,EDL-G,5b,5,b,Complete,
7753,EDL-G,6a,6,a,Complete,
7753,EDL-G,6b,6,b,Complete,
7753,EDL-G,7a,7,a,Complete,
7753,EDL-G,7b,7,b,Complete,
7753,EDL-G,8,8,a,Complete,
7753,EDL-G,9a,9,a,Non,
7753,EDL-G,9b,9,b,Partielle,
7753,EDL-G,10a,10,a,Partielle,
7753,EDL-G,10b,10,b,Partielle,
7753,EDL-G,10c,10,c,Partielle,
7753,EDL-G,11,11,a,Partielle,
7753,EDL-G,12a,12,a,Non,
7753,EDL-G,12b,12,b,Partielle,
7753,EDL-G,12c,12,c,Non,
7753,EDL-G,13a,13,a,Partielle,
7753,EDL-G,13b,13,b,Partielle,
7753,EDL-G,14,14,a,Partielle,
7753,EDL-G,15a,15,a,Partielle,
7753,EDL-G,15b,15,b,Partielle,
7753,EDL-G,16a,16,a,Partielle,
7753,EDL-G,16b,16,b,Complete,
7753,EDL-G,17a,17,a,Non,
7753,EDL-G,17b,17,b,Non,
7753,EDL-G,17c,17,c,Partielle,
7753,EDL-G,17d,17,d,Partielle,
7925,EDL-G,1,1,a,Complete,
7925,EDL-G,2a,2,a,Complete,
7925,EDL-G,2b,2,b,Complete,
7925,EDL-G,2c,2,c,Complete,
7925,EDL-G,3a,3,a,Complete,
7925,EDL-G,4a,4,a,Complete,
7925,EDL-G,4b,4,b,Complete,
7925,EDL-G,4c,4,c,Complete,
7925,EDL-G,5a,5,a,Complete,
7925,EDL-G,6a,6,a,Complete,
7925,EDL-G,7,7,a,Complete,
7925,EDL-G,8,8,a,Complete,
7925,EDL-G,9,9,a,Partielle,
7925,EDL-G,10,10,a,Partielle,
7925,EDL-G,11,11,a,Complete,
7925,EDL-G,12,12,a,Complete,
7925,EDL-G,13,13,a,Complete,
7925,EDL-G,13b,13,b,Complete,
6418,EDL-G,1,1,a,Non,
6418,EDL-G,2,2,a,Complete,
6418,EDL-G,3,3,a,Partielle,
6418,EDL-G,4a,4,a,Complete,
6418,EDL-G,4b,4,b,Complete,
6418,EDL-G,5,5,a,Partielle,
6418,EDL-G,6,6,a,Partielle,
6418,EDL-G,7a,7,a,Partielle,
6418,EDL-G,7b,7,b,Partielle,
6418,EDL-G,7c,7,c,Non,
6418,EDL-G,8a,8,a,Non,
6418,EDL-G,9a,9,a,Non,
6418,EDL-G,10a,10,a,Non,
6418,EDL-G,10b,10,b,Non,
6412,EDL-G,1,1,a,Complete,
6412,EDL-G,2,2,a,Complete,
6412,EDL-G,3,3,a,Complete,
6412,EDL-G,4,4,a,Partielle,
6412,EDL-G,5,5,a,Partielle,
6412,EDL-G,6a,6,a,Partielle,
6412,EDL-G,6b,6,b,Partielle,
6412,EDL-G,7a,7,a,Partielle,
6412,EDL-G,7b,7,b,Partielle,
6412,EDL-G,8a,8,a,Complete,
6412,EDL-G,9a,9,a,Complete,
6412,EDL-G,9b,9,b,Complete,
6412,EDL-G,10a,10,a,Complete,
6412,EDL-G,10b,10,b,Complete,
6412,EDL-G,11a,11,a,Complete,
6412,EDL-G,11b,11,b,Complete,
6412,EDL-G,12a,12,a,Complete,
6412,EDL-G,13a,13,a,Complete,
6412,EDL-G,14a,14,a,Complete,
6412,EDL-G,15a,15,a,Complete,
6412,EDL-G,15b,15,b,Complete,
6412,EDL-G,16a,16,a,Complete,
6412,EDL-G,16b,16,b,Complete,
6412,EDL-G,17a,17,a,Complete,
6412,EDL-G,18a,18,a,Complete,
6412,EDL-G,18b,18,b,Complete,
6412,EDL-G,19a,19,a,Complete,
6412,EDL-G,19b,19,b,Complete,
6412,EDL-G,19c,19,c,Complete,
6435,EDL-D,1a,1,a,Non,
6435,EDL-D,1b,1,b,Non,
6435,EDL-D,2a,2,a,Non,
6435,EDL-D,3a,3,a,discard,
6435,EDL-D,4a,4,a,Non,
6435,EDL-D,4b,4,b,Non,
6435,EDL-D,4c,4,c,Non,
6435,EDL-D,5a,5,a,Non,
6435,EDL-D,6a,6,a,Partielle,
6435,EDL-D,7a,7,a,Non,
6435,EDL-D,8a,8,a,Non,
6435,EDL-D,9a,9,a,Partielle,
6435,EDL-D,10a,10,a,Complete,
6435,EDL-D,11a,11,a,Non,
6435,EDL-D,12a,12,a,Non,
6435,EDL-D,12b,12,b,Non,
6435,EDL-D,12c,12,c,Non,
6435,EDL-D,12d,12,d,Partielle,
6435,EDL-D,13a,13,a,Non,
6435,EDL-D,13b,13,b,Non,
6435,EDL-D,14a,14,a,Non,
6435,EDL-D,14b,14,b,Non,
6435,EDL-D,14c,14,c,Non,
6435,EDL-D,15a,15,a,Non,
6435,EDL-D,16a,16,a,Non,
6435,EDL-D,17a,17,a,Non,
7906,EDL-G,1a,1,a,Partielle,
7906,EDL-G,2a,2,a,Partielle,
7906,EDL-G,3a,3,a,Complete,
7906,EDL-G,3b,3,b,Complete,
7906,EDL-G,8a,8,a,Complete,
7906,EDL-G,8b,8,b,Complete,
7906,EDL-G,7a,7,a,Complete,
7906,EDL-G,7b,7,b,Complete,
7906,EDL-G,6a,6,a,Complete,
7906,EDL-G,6b,6,b,Complete,
7906,EDL-G,5a,5,a,Complete,
7906,EDL-G,5b,5,b,Complete,
7906,EDL-G,5c,5,c,Complete,
7906,EDL-G,5d,5,d,Complete,
7906,EDL-G,14a,14,a,Complete,
7906,EDL-G,12a,12,a,Complete,
7906,EDL-G,12b,12,b,Partielle,
7906,EDL-G,12c,12,c,Complete,
7906,EDL-G,11a,11,a,Complete,
7906,EDL-G,11b,11,b,Complete,
7906,EDL-G,10a,10,a,Complete,
7906,EDL-G,10b,10,b,Complete,
7906,EDL-G,9a,9,a,Complete,
7906,EDL-G,8a,8,a,Complete,
7906,EDL-G,8b,8,b,Complete,
7906,EDL-G,8c,8,c,Complete,
7906,EDL-G,8d,8,d,Complete,
7906,EDL-G,8e,8,e,Complete,
7906,EDL-G,16a,16,a,Complete,
7906,EDL-G,16b,16,b,Complete,
7906,EDL-G,16c,16,c,Complete,
7906,EDL-G,17a,17,a,Partielle,
7906,EDL-G,17b,17,b,Partielle,
7906,EDL-G,17c,17,c,Partielle,
7906,EDL-G,17d,17,d,Partielle,
7906,EDL-G,17e,17,e,Partielle,
7906,EDL-G,17f,17,f,Partielle,
7906,EDL-G,17g,17,g,Partielle,
7906,EDL-G,17h,17,h,Partielle,
7906,EDL-G,15a,15,a,Partielle,
7906,EDL-G,15b,15,b,Complete,
7906,EDL-G,15c,15,c,Complete,
7906,EDL-G,15d,15,d,Complete,
7906,EDL-G,15e,15,e,Complete,
7726,EDL-G,1,1,a,Non,
7726,EDL-G,2a,2,a,Partielle,
7726,EDL-G,2b,2,b,Non,
7726,EDL-G,2c,2,c,Non,
7726,EDL-G,3a,3,a,Partielle,
7726,EDL-G,3b,3,b,Non,
7726,EDL-G,3c,3,c,Non,
7726,EDL-G,4,4,a,Non,
7726,EDL-G,5a,5,a,Non,
7726,EDL-G,5b,5,b,Partielle,
7726,EDL-G,6a,6,a,Non,
7726,EDL-G,6b,6,b,Partielle,
7726,EDL-G,6c,6,c,Partielle,
7726,EDL-G,7a,7,a,Non,
7726,EDL-G,8a,8,a,Partielle,
7726,EDL-G,8b,8,b,Non,
7726,EDL-G,9,9,a,Non,
7726,EDL-G,10,10,a,Non,
7726,EDL-G,11a,11,a,Non,
7726,EDL-G,11b,11,b,Non,
7726,EDL-G,11c,11,c,Non,
7726,EDL-G,12,12,a,Non,
7726,EDL-G,13,13,a,Non,
7726,EDL-G,14a,14,a,Non,
7726,EDL-G,14b,14,b,Non,
7726,EDL-G,15a,15,a,Non,
7726,EDL-G,15b,15,b,Non,
7726,EDL-G,16a,16,a,Non,
7726,EDL-G,16b,16,b,Non,
7726,EDL-G,16c,16,c,Non,
7745,EDL-G,1,1,a,Non,
7745,EDL-G,2,2,a,Non,
7745,EDL-G,3,3,a,Non,
7745,EDL-G,4,4,a,Non,
7745,EDL-G,5a,5,a,Non,
7745,EDL-G,5b,5,b,Non,
7745,EDL-G,6,6,a,Non,
7745,EDL-G,7,7,a,Non,
7745,EDL-G,8,8,a,Non,
7745,EDL-G,9a,9,a,Non,
7745,EDL-G,9b,9,b,Non,
7745,EDL-G,10,10,a,Non,
7745,EDL-G,11a,11,a,Non,
7745,EDL-G,11b,11,b,Non,
7745,EDL-G,12a,12,a,Non,
7745,EDL-G,12b,12,b,Non,
7745,EDL-G,13,13,a,Non,
7745,EDL-G,14,14,a,Non,
7745,EDL-G,15a,15,a,Non,
7745,EDL-G,15b,15,b,Non,
7745,EDL-G,16,16,a,Non,
7745,EDL-G,17,17,a,Non,
7754,EDL-G,1,1,a,Non,
7754,EDL-G,2a,2,a,Non,
7754,EDL-G,2b,2,b,Non,
7754,EDL-G,2c,2,c,Non,
7754,EDL-G,2d,2,d,Non,
7754,EDL-G,3a,3,a,Complete,
7754,EDL-G,4,4,a,Non,
7754,EDL-G,5,5,a,Non,
7754,EDL-G,6,6,a,Non,
7754,EDL-G,7,7,a,Non,
7754,EDL-G,8,8,a,Non,
7754,EDL-G,9a,9,a,Non,
7754,EDL-G,9b,9,b,Non,
7754,EDL-G,9c,9,c,Non,
7754,EDL-G,10,10,a,Non,
7754,EDL-G,11,11,a,Non,
7754,EDL-G,12,12,a,Non,
7754,EDL-G,13,13,a,Non,
7754,EDL-G,14,14,a,discard,
7754,EDL-G,15,15,a,discard,
7754,EDL-G,16a,16,a,discard,
7754,EDL-G,16b,16,b,Non,
7754,EDL-G,17a,17,a,Complete,
7754,EDL-G,17b,17,b,Non,
7754,EDL-G,18a,18,a,Non,
7924,EDL-G,1,1,a,Non,
7924,EDL-G,2a,2,a,Non,
7924,EDL-G,2b,2,b,Non,
7924,EDL-G,3,3,a,Non,
7924,EDL-G,4,4,a,Non,
7924,EDL-G,5a,5,a,Non,
7924,EDL-G,5b,5,b,Non,
7924,EDL-G,6a,6,a,Non,
7924,EDL-G,6b,6,b,Non,
7924,EDL-G,7,7,a,Non,
7924,EDL-G,8,8,a,Non,
7924,EDL-G,9a,9,a,Non,
7924,EDL-G,9b,9,b,Non,
7924,EDL-G,10,10,a,Partielle,
7924,EDL-G,11,11,a,Non,
7924,EDL-G,12,12,a,Non,
7924,EDL-G,13a,13,a,Non,
7924,EDL-G,13b,13,b,Non,
7924,EDL-G,14a,14,a,Non,
7924,EDL-G,15a,15,a,Non,
7924,EDL-G,15b,15,b,Non,
7924,EDL-G,16,16,a,Non,
7924,EDL-G,17,17,a,Non,
6416,EDL-G,1a,1,a,Non,
6416,EDL-G,1b,1,b,Non,
6416,EDL-G,2,2,a,Non,
6416,EDL-G,3,3,a,Non,
6416,EDL-G,4a,4,a,Non,
6416,EDL-G,4b,4,b,Non,
6416,EDL-G,4c,4,c,Non,
6416,EDL-G,5a,5,a,Non,
6416,EDL-G,5b,5,b,Non,
6416,EDL-G,5c,5,c,Non,
6416,EDL-G,6a,6,a,Non,
6416,EDL-G,6b,6,b,Non,
6416,EDL-G,7a,7,a,Non,
6416,EDL-G,8a,8,a,Non,
6416,EDL-G,9a,9,a,Non,
6416,EDL-G,10a,10,a,Non,
6416,EDL-G,11a,11,a,Non,
6416,EDL-G,12a,12,a,Non,
6416,EDL-G,13a,13,a,Non,
6416,EDL-G,14a,14,a,Non,
6416,EDL-G,15a,15,a,Non,
6416,EDL-G,15b,15,b,Non,
6416,EDL-G,16a,16,a,Non,
6416,EDL-G,16b,16,b,discard,
6414,EDL-G,1,1,a,Non,
6414,EDL-G,2,2,a,Non,
6414,EDL-G,3a,3,a,Partielle,
6414,EDL-G,3b,3,b,Non,
6414,EDL-G,3c,3,c,Non,
6414,EDL-G,4a,4,a,Non,
6414,EDL-G,5a,5,a,Non,
6414,EDL-G,6a,6,a,Non,
6414,EDL-G,6b,6,b,Non,
6414,EDL-G,7a,7,a,Non,
6414,EDL-G,8a,8,a,Non,
6414,EDL-G,9a,9,a,Non,
6414,EDL-G,10a,10,a,Non,
6414,EDL-G,11a,11,a,Complete,
6414,EDL-G,11b,11,b,Non,
6414,EDL-G,12a,12,a,Partielle,
6414,EDL-G,13a,13,a,Non,
6414,EDL-G,14a,14,a,Partielle,
6414,EDL-G,15a,15,a,Non,
6414,EDL-G,16a,16,a,Non,
6414,EDL-G,17a,17,a,Complete,
6414,EDL-G,18,18,a,Complete,
6414,EDL-G,19,19,a,Non,
6414,EDL-G,20,20,a,Non,
7903,EDL-G,1a,1,a,Non,
7903,EDL-G,1b,1,b,Non,
7903,EDL-G,2a,2,a,Non,
7903,EDL-G,3a,3,a,Non,
7903,EDL-G,3b,3,b,Non,
7903,EDL-G,4a,4,a,Non,
7903,EDL-G,5a,5,a,Non,
7903,EDL-G,6a,6,a,Non,
7903,EDL-G,7a,7,a,Non,
7903,EDL-G,7b,7,b,Non,
7903,EDL-G,8a,8,a,Non,
7903,EDL-G,9a,9,a,Non,
7903,EDL-G,9b,9,b,Non,
7903,EDL-G,10a,10,a,Non,
7903,EDL-G,11a,11,a,Non,
7903,EDL-G,11b,11,b,Non,
7903,EDL-G,12a,12,a,Non,
7903,EDL-G,12b,12,b,Non,
7903,EDL-G,13a,13,a,Non,
7903,EDL-G,14a,14,a,Non,
7903,EDL-G,14b,14,b,Non,
7903,EDL-G,14c,14,c,Non,
7903,EDL-G,15a,15,a,Non,
7903,EDL-G,15b,15,b,Non,
7903,EDL-G,15c,15,c,Non,
7789,EDL-G,1a,1,a,Non,
7789,EDL-G,1b,1,b,Non,
7789,EDL-G,2a,2,a,Non,
7789,EDL-G,9a,9,a,Non,
7789,EDL-G,9b,9,b,Non,
7789,EDL-G,8a,8,a,Non,
7789,EDL-G,8b,8,b,Non,
7789,EDL-G,7a,7,a,Non,
7789,EDL-G,6a,6,a,Non,
7789,EDL-G,5a,5,a,Non,
7789,EDL-G,5b,5,b,Non,
7789,EDL-G,5c,5,c,Non,
7789,EDL-G,4a,4,a,Non,
7789,EDL-G,3a,3,a,Non,
7789,EDL-G,14a,14,a,Non,
7789,EDL-G,14b,14,b,Non,
7789,EDL-G,13a,13,a,Non,
7789,EDL-G,12a,12,a,Non,
7789,EDL-G,12b,12,b,Non,
7789,EDL-G,11a,11,a,Non,
7789,EDL-G,10a,10,a,Non,
7789,EDL-G,10b,10,b,Non,
7789,EDL-G,15a,15,a,Non,
7789,EDL-G,15b,15,b,Non,
7789,EDL-G,20a,20,a,Non,
7789,EDL-G,20b,20,b,Non,
7789,EDL-G,19a,19,a,Non,
7789,EDL-G,19b,19,b,Partielle,
7789,EDL-G,19c,19,c,Non,
7789,EDL-G,18a,18,a,Non,
7789,EDL-G,18b,18,b,Non,
7789,EDL-G,17a,17,a,Non,
7789,EDL-G,16a,16,a,Non,
7789,EDL-G,16b,16,b,Non,
7789,EDL-G,16c,16,c,Non,
6434,EDL-D,1a,1,a,Partielle,
6434,EDL-D,2a,2,a,Non,
6434,EDL-D,3a,3,a,Non,
6434,EDL-D,3b,3,b,Non,
6434,EDL-D,3c,3,c,Non,
6434,EDL-D,4a,4,a,Partielle,
6434,EDL-D,5a,5,a,Non,
6434,EDL-D,6a,6,a,Non,
6434,EDL-D,7a,7,a,Non,
6434,EDL-D,8a,8,a,Non,
6434,EDL-D,9a,9,a,Non,
6434,EDL-D,9b,9,b,Non,
6434,EDL-D,10a,10,a,Non,
6434,EDL-D,11a,11,a,Non,
6434,EDL-D,12a,12,a,Non,
6434,EDL-D,13a,13,a,Non,
6434,EDL-D,14a,14,a,Non,
6434,EDL-D,15a,15,a,Non,
6434,EDL-D,16a,16,a,Non,
6434,EDL-D,16b,16,b,Non,
6434,EDL-D,17a,17,a,Non,
7978,SOL-D,1a,1,a,Non,
7978,SOL-D,1b,1,b,Non,
7978,SOL-D,2,2,a,Non,
7978,SOL-D,3a,3,a,Non,
7978,SOL-D,3b,3,b,Non,
7978,SOL-D,4,4,a,Non,
7978,SOL-D,5,5,a,Non,
7978,SOL-D,6,6,a,Non,
7978,SOL-D,7a,7,a,Non,
7978,SOL-D,7b,7,b,Non,
7978,SOL-D,8a,8,a,Complete,
7978,SOL-D,8b,8,b,Non,
7978,SOL-D,8c,8,c,Non,
7978,SOL-D,9,9,a,Complete,
7978,SOL-D,10a,10,a,Complete,
7978,SOL-D,10b,10,b,Complete,
7978,SOL-D,11a,11,a,Non,
7978,SOL-D,11b,11,b,Complete,
7978,SOL-D,11c,11,c,Complete,
7978,SOL-D,12,12,a,Complete,
7978,SOL-D,13a,13,a,Non,
7978,SOL-D,13b,13,b,Partielle,
7978,SOL-D,14a,14,a,Partielle,
7978,SOL-D,14b,14,b,Non,
7978,SOL-D,15a,15,a,Non,
7978,SOL-D,15b,15,b,Non,
7978,SOL-D,16,16,a,Non,
7978,SOL-D,17a,17,a,Non,
7978,SOL-D,17b,17,b,Non,
7978,SOL-D,17c,17,c,discard,
7978,SOL-D,18,18,a,discard,
7978,SOL-D,19,19,a,discard,
7978,SOL-D,20a,20,a,Non,
7978,SOL-D,20b,20,b,Non,
7978,SOL-D,20c,20,c,Non,
7978,SOL-D,21a,21,a,Non,
7978,SOL-D,22,22,a,Non,
7978,SOL-D,23,23,a,Non,
7978,SOL-D,24,24,a,Non,
7978,SOL-D,25,25,a,Partielle,
7978,SOL-D,26,26,a,Non,
7978,SOL-D,27,27,a,Partielle,
7978,SOL-D,28,28,a,Complete,
7978,SOL-D,29,29,a,Partielle,
7978,SOL-D,30a,30,a,Non,
7978,SOL-D,30b,30,b,Partielle,
7978,SOL-D,31a,31,a,Non,
7978,SOL-D,31b,31,b,Non,
7978,SOL-D,32,32,a,Non,
7978,SOL-D,33a,33,a,Non,
7978,SOL-D,33b,33,b,Non,
7978,SOL-D,33c,33,c,Non,
7978,SOL-G,1a,1,a,Partielle,
7978,SOL-G,1b,1,b,Non,
7978,SOL-G,2,2,a,Complete,
7978,SOL-G,3,3,a,Non,
7978,SOL-G,4a,4,a,Non,
7978,SOL-G,4b,4,b,Non,
7978,SOL-G,5,5,a,Non,
7978,SOL-G,6,6,a,<undefined>,
7978,SOL-G,8a,8,a,Complete,
7978,SOL-G,8b,8,b,Non,
7978,SOL-G,9a,9,a,Non,
7978,SOL-G,9b,9,b,Non,
7978,SOL-G,10,10,a,Complete,
7978,SOL-G,11,11,a,Non,
7978,SOL-G,12,12,a,Complete,
7978,SOL-G,13,13,a,Non,
7978,SOL-G,14a,14,a,Non,
7978,SOL-G,14b,14,b,Complete,
7978,SOL-G,15a,15,a,Non,
7978,SOL-G,15b,15,b,Non,
7978,SOL-G,15c,15,c,Non,
7978,SOL-G,16,16,a,Non,
7978,SOL-G,17a,17,a,Non,
7978,SOL-G,17b,17,b,Non,
7978,SOL-G,18,18,a,Non,
7978,SOL-G,19,19,a,Non,
7978,SOL-G,20a,20,a,Non,
7978,SOL-G,20b,20,b,Non,
7978,SOL-G,20c,20,c,Non,
7978,SOL-G,21,21,a,Non,
7928,SOL-D,1,1,a,Non,
7928,SOL-D,2,2,a,Partielle,
7928,SOL-D,3a,3,a,Non,
7928,SOL-D,3b,3,b,Non,
7928,SOL-D,4,4,a,Non,
7928,SOL-D,5,5,a,Non,
7928,SOL-D,6,6,a,Complete,
7928,SOL-D,7a,7,a,Non,
7928,SOL-D,7b,7,b,Non,
7928,SOL-D,8,8,a,Non,
7928,SOL-D,9,9,a,Non,
7928,SOL-D,10a,10,a,Non,
7928,SOL-D,10b,10,b,Non,
7928,SOL-D,11a,11,a,Non,
7928,SOL-D,11b,11,b,Non,
7928,SOL-D,12,12,a,Non,
7928,SOL-D,13,13,a,Non,
7928,SOL-D,14a,14,a,Non,
7928,SOL-D,14b,14,b,Non,
7928,SOL-D,15,15,a,Partielle,
7928,SOL-D,16,16,a,Non,
7928,SOL-D,17,17,a,Non,
7928,SOL-D,18,18,a,Non,
7928,SOL-D,19,19,a,Non,
7928,SOL-D,20,20,a,Non,
7928,SOL-D,21,21,a,Non,
7928,SOL-D,22a,22,a,Non,
7928,SOL-D,22b,22,b,Partielle,
7928,SOL-D,23,23,a,Non,
7928,SOL-D,24a,24,a,Non,
7928,SOL-D,24b,24,b,Non,
7928,SOL-D,24c,24,c,Non,
7928,SOL-D,25,25,a,Non,
7928,SOL-D,26a,26,a,Non,
7928,SOL-D,26b,26,b,Non,
7928,SOL-D,27a,27,a,Non,
7928,SOL-D,27b,27,b,Complete,
7928,SOL-D,28,28,a,Non,
7928,SOL-G,1,1,a,Non,
7928,SOL-G,2a,2,a,Non,
7928,SOL-G,2b,2,b,Partielle,
7928,SOL-G,2c,2,c,Non,
7928,SOL-G,3,3,a,Non,
7928,SOL-G,4a,4,a,Non,
7928,SOL-G,4b,4,b,Non,
7928,SOL-G,5,5,a,Non,
7928,SOL-G,6a,6,a,Non,
7928,SOL-G,6b,6,b,Non,
7928,SOL-G,7,7,a,Non,
7928,SOL-G,8,8,a,Non,
7928,SOL-G,9,9,a,<undefined>,
7928,SOL-G,10,10,a,Non,
7928,SOL-G,11,11,a,Partielle,
7928,SOL-G,12a,12,a,Non,
7928,SOL-G,12b,12,b,Non,
7928,SOL-G,12c,12,c,Non,
7928,SOL-G,13,13,a,Non,
7928,SOL-G,14a,14,a,Non,
7928,SOL-G,14b,14,b,Non,
7928,SOL-G,15,15,a,Non,
7928,SOL-G,16a,16,a,Non,
7928,SOL-G,16b,16,b,Non,
7928,SOL-G,17a,17,a,Non,
7928,SOL-G,17b,17,b,Non,
7928,SOL-G,18a,18,a,Non,
7928,SOL-G,18b,18,b,Non,
7928,SOL-G,19,19,a,Non,
7942,SOL-D,1a,1,a,Non,
7942,SOL-D,1b,1,b,Non,
7942,SOL-D,2a,2,a,Non,
7942,SOL-D,2b,2,b,Non,
7942,SOL-D,3a,3,a,Non,
7942,SOL-D,3b,3,b,Non,
7942,SOL-D,3c,3,c,Non,
7942,SOL-D,4a,4,a,Non,
7942,SOL-D,4b,4,b,Non,
7942,SOL-D,5,5,a,Complete,
7942,SOL-D,6a,6,a,Non,
7942,SOL-D,6b,6,b,Non,
7942,SOL-D,6c,6,c,Non,
7942,SOL-D,7a,7,a,Non,
7942,SOL-D,7b,7,b,Non,
7942,SOL-D,7c,7,c,Non,
7942,SOL-D,7d,7,d,Non,
7942,SOL-D,7e,7,e,Non,
7942,SOL-D,7f,7,f,Non,
7942,SOL-D,8a,8,a,Non,
7942,SOL-D,8b,8,b,Non,
7942,SOL-D,9a,9,a,Non,
7942,SOL-D,9b,9,b,Non,
7942,SOL-D,9c,9,c,Non,
7942,SOL-D,10a,10,a,Non,
7942,SOL-D,10b,10,b,Non,
7942,SOL-D,11a,11,a,Partielle,
7942,SOL-G,1,1,a,Non,
7942,SOL-G,2a,2,a,Non,
7942,SOL-G,2b,2,b,Non,
7942,SOL-G,4a,4,a,Complete,
7942,SOL-G,4b,4,b,Non,
7942,SOL-G,3a,3,a,Non,
7942,SOL-G,3b,3,b,Complete,
7942,SOL-G,5a,5,a,Complete,
7942,SOL-G,5b,5,b,Complete,
7942,SOL-G,6a,6,a,Complete,
7942,SOL-G,6b,6,b,Complete,
7942,SOL-G,6c,6,c,Non,
7942,SOL-G,7,7,a,Complete,
7942,SOL-G,8,8,a,Non,
7942,SOL-G,9a,9,a,Non,
7942,SOL-G,9b,9,b,Non,
7942,SOL-G,10,10,a,Non,
7942,SOL-G,11a,11,a,Non,
7942,SOL-G,11b,11,b,Non,
7942,SOL-G,11c,11,c,Non,
7942,SOL-G,11d,11,d,Non,
7942,SOL-G,11e,11,e,Non,
7942,SOL-G,12a,12,a,Non,
7942,SOL-G,12b,12,b,Non,
7942,SOL-G,12c,12,c,Non,
7942,SOL-G,12d,12,d,Non,
7942,SOL-G,12e,12,e,Non,
7979,SOL-G,1a,1,a,Non,
7979,SOL-G,1b,1,b,Non,
7979,SOL-G,2,2,a,Non,
7979,SOL-G,3,3,a,Non,
7979,SOL-G,4a,4,a,Non,
7979,SOL-G,4b,4,b,Non,
7979,SOL-G,5a,5,a,Non,
7979,SOL-G,5b,5,b,discard,
7979,SOL-G,5c,5,c,Non,
7979,SOL-G,6,6,a,Non,
7979,SOL-G,7,7,a,Non,
7979,SOL-G,8,8,a,Non,
7979,SOL-G,9a,9,a,Non,
7979,SOL-G,9b,9,b,N/A,
7979,SOL-G,10a,10,a,Non,
7979,SOL-G,10b,10,b,Non,
7979,SOL-G,11a,11,a,Non,
7979,SOL-G,11b,11,b,Non,
7979,SOL-G,12a,12,a,Non,
7979,SOL-G,12b,12,b,Non,
7979,SOL-G,13a,13,a,Non,
7979,SOL-G,13b,13,b,Non,
7979,SOL-G,13c,13,c,Non,
7979,SOL-G,14,14,a,Non,
7979,SOL-G,15a,15,a,Non,
7979,SOL-G,15b,15,b,Non,
7979,SOL-G,15c,15,c,Non,
7979,SOL-G,16,16,a,Non,
7979,SOL-G,17,17,a,Non,
7979,SOL-D,1,1,a,Non,
7979,SOL-D,2a,2,a,Non,
7979,SOL-D,2b,2,b,Partielle,
7979,SOL-D,3a,3,a,Non,
7979,SOL-D,3b,3,b,Non,
7979,SOL-D,4,4,a,Non,
7979,SOL-D,5a,5,a,Non,
7979,SOL-D,5b,5,b,Non,
7979,SOL-D,6,6,a,Non,
7979,SOL-D,7,7,a,Non,
7979,SOL-D,8,8,a,Non,
7979,SOL-D,9,9,a,Non,
7979,SOL-D,10,10,a,Non,
7979,SOL-D,11,11,a,N/a,
7979,SOL-D,12a,12,a,Non,
7979,SOL-D,12b,12,b,Non,
7979,SOL-D,12c,12,c,Non,
7979,SOL-D,13a,13,a,Non,
7979,SOL-D,13b,13,b,Non,
7979,SOL-D,14,14,a,Non,
7979,SOL-D,15,15,a,Non,
7979,SOL-D,16a,16,a,Non,
7979,SOL-D,16b,16,b,Non,
7979,SOL-D,17,17,a,Non,
7979,SOL-D,18,18,a,Non,
7979,SOL-D,19,19,a,Non,
7989,SOL-D,1a,1,a,Complete,
7989,SOL-D,1b,1,b,Non,
7989,SOL-D,2a,2,a,Non,
7989,SOL-D,2b,2,b,Non,
7989,SOL-D,3,3,a,Non,
7989,SOL-D,4,4,a,Non,
7989,SOL-D,5,5,a,Partielle,
7989,SOL-D,6,6,a,Discard,Idem que 4
7989,SOL-D,7a,7,a,Non,
7989,SOL-D,7b,7,b,Complete,
7989,SOL-D,7c,7,c,Complete,
7989,SOL-D,8a,8,a,Non,
7989,SOL-D,8b,8,b,Non,
7989,SOL-D,9a,9,a,Complete,
7989,SOL-D,10a,10,a,Complete,
7989,SOL-D,10b,10,b,Non,
7989,SOL-D,10c,10,c,Non,
7989,SOL-D,11a,11,a,Non,
7989,SOL-D,12a,12,a,Non,
7989,SOL-D,13a,13,a,Non,
7989,SOL-G,1,1,a,Non,
7989,SOL-G,2,2,a,Non,
7989,SOL-G,3,3,a,Non,
7989,SOL-G,4,4,a,Non,
7989,SOL-G,5,5,a,Non,
7989,SOL-G,6,6,a,Non,
7989,SOL-G,7,7,a,Non,
7989,SOL-G,8,8,a,Non,
7989,SOL-G,9,9,a,Non,
7989,SOL-G,10a,10,a,Non,
7989,SOL-G,10b,10,b,Non,
7989,SOL-G,11a,11,a,Non,
7989,SOL-G,11b,11,b,Non,
7989,SOL-G,11c,11,c,Non,
7989,SOL-G,12,12,a,Non,
7927,SOL-G,1,1,a,Non,
7927,SOL-G,2,2,a,Non,
7927,SOL-G,3,3,a,Non,
7927,SOL-G,4,4,a,Non,
7927,SOL-G,5a,5,a,Partielle,
7927,SOL-G,5b,5,b,Non,
7927,SOL-G,6a,6,a,Non,
7927,SOL-G,6b,6,b,Non,
7927,SOL-G,7,7,a,Non,
7927,SOL-G,8a,8,a,Non,
7927,SOL-G,8b,8,b,Non,
7927,SOL-G,9,9,a,Non,
7927,SOL-G,10a,10,a,Non,
7927,SOL-G,10b,10,b,Non,
7927,SOL-G,11,11,a,Partielle,
7927,SOL-G,12,12,a,Non,
7927,SOL-G,13,13,a,Non,
7927,SOL-G,14,14,a,Non,
7927,SOL-G,15a,15,a,Non,
7927,SOL-G,15b,15,b,Non,
7927,SOL-G,16,16,a,Non,
7927,SOL-G,17a,17,a,Non,
7927,SOL-G,17b,17,b,Non,
7927,SOL-G,18,18,a,Non,
7927,SOL-G,19a,19,a,Non,
7927,SOL-G,19b,19,b,Non,
7927,SOL-G,20,20,a,Non,
7927,SOL-G,21,21,a,Non,
7927,SOL-G,22a,22,a,Non,
7927,SOL-G,22b,22,b,Non,
7927,SOL-G,23,23,a,Non,
7927,SOL-G,24,24,a,Non,
7927,SOL-G,25,25,a,Non,
7927,SOL-G,26,26,a,Non,
7927,SOL-G,27,27,a,Non,
7927,SOL-G,28a,28,a,Non,
7927,SOL-G,28b,28,b,Non,
7927,SOL-D,1a,1,a,Non,
7927,SOL-D,1b,1,b,Non,
7927,SOL-D,1c,1,c,Non,
7927,SOL-D,2a,2,a,Non,
7927,SOL-D,2b,2,b,Non,
7927,SOL-D,3a,3,a,Non,
7927,SOL-D,3b,3,b,Non,
7927,SOL-D,4,4,a,Non,
7927,SOL-D,5a,5,a,Non,
7927,SOL-D,5b,5,b,Non,
7927,SOL-D,6a,6,a,Non,
7927,SOL-D,6b,6,b,Non,
7927,SOL-D,6c,6,c,Non,
7927,SOL-D,7a,7,a,Non,
7927,SOL-D,7b,7,b,Non,
7927,SOL-D,8,8,a,Non,
7927,SOL-D,9,9,a,Non,
7927,SOL-D,10,10,a,Non,
7927,SOL-D,11,11,a,Non,
7927,SOL-D,12a,12,a,Non,
7927,SOL-D,12b,12,b,Non,
7927,SOL-D,12c,12,c,Non,
7927,SOL-D,13a,13,a,Non,
7927,SOL-D,13b,13,b,Non,
7927,SOL-D,14,14,a,Non,
7927,SOL-D,15,15,a,Non,
7927,SOL-D,16a,16,a,Non,
7927,SOL-D,16b,16,b,Non,
7927,SOL-D,17,17,a,Non,
7927,SOL-D,18a,18,a,Non,
7927,SOL-D,18b,18,b,Non,
7927,SOL-D,19a,19,a,Non,
7927,SOL-D,19b,19,b,Non,
7927,SOL-D,20,20,a,Non,
7927,SOL-D,21a,21,a,Non,
7927,SOL-D,21b,21,b,Non,
7927,SOL-D,22,22,a,Non,
7927,SOL-D,23a,23,a,Non,
7927,SOL-D,23b,23,b,Non,
7927,SOL-D,24,24,a,Non,
7964,SOL-G,1a,1,a,Non,
7964,SOL-G,1b,1,b,Non,
7964,SOL-G,1c,1,c,Non,
7964,SOL-G,2,2,a,Non,
7964,SOL-G,3,3,a,Non,
7964,SOL-G,4,4,a,Non,
7964,SOL-G,5,5,a,Non,
7964,SOL-G,6,6,a,Non,
7964,SOL-G,7,7,a,Non,
7964,SOL-G,8,8,a,Non,
7964,SOL-G,9a,9,a,Non,
7964,SOL-G,9b,9,b,Non,
7964,SOL-G,10,10,a,Non,
7964,SOL-G,16,16,a,Non,
7964,SOL-G,11,11,a,Non,
7964,SOL-G,12a,12,a,Non,
7964,SOL-G,12b,12,b,Non,
7964,SOL-G,13,13,a,Non,
7964,SOL-G,14,14,a,Non,
7964,SOL-G,15a,15,a,Non,
7964,SOL-G,15b,15,b,Non,
7964,SOL-G,15c,15,c,Non,
7964,SOL-D,1a,1,a,Non,
7964,SOL-D,1b,1,b,Non,
7964,SOL-D,2,2,a,Non,
7964,SOL-D,3,3,a,Non,
7964,SOL-D,4,4,a,Non,
7964,SOL-D,5a,5,a,Non,
7964,SOL-D,5b,5,b,Partielle,
7964,SOL-D,6a,6,a,N/A,
7964,SOL-D,6b,6,b,Non,
7964,SOL-D,7a,7,a,Non,
7964,SOL-D,7b,7,b,Non,
7964,SOL-D,8a,8,a,Non,
7964,SOL-D,8b,8,b,Non,
7964,SOL-D,9,9,a,Non,
7964,SOL-D,10,10,a,Non,
7964,SOL-D,11,11,a,Non,
7964,SOL-D,11b,11,b,N/a,
7964,SOL-D,12a,12,a,N/a,
7964,SOL-D,12b,12,b,N/a,
7964,SOL-D,13a,13,a,Non,
7964,SOL-D,13b,13,b,Non,
7964,SOL-D,14,14,a,N/a,
7964,SOL-D,15,15,a,Non,
7964,SOL-D,16,16,a,N/a,
7964,SOL-D,17a,17,a,Non,
7964,SOL-D,17b,17,b,Non,
7964,SOL-D,17c,17,c,Non,
7945,SOL-D,1,1,a,Non,
7945,SOL-D,2a,2,a,Non,
7945,SOL-D,2b,2,b,Non,
7945,SOL-D,3,3,a,Partielle,
7945,SOL-D,4,4,a,Non,
7945,SOL-D,5a,5,a,Non,
7945,SOL-D,5b,5,b,Non,
7945,SOL-D,6,6,a,Non,
7945,SOL-D,7,7,a,Non,
7945,SOL-D,8,8,a,Non,
7945,SOL-D,9,9,a,Non,
7945,SOL-D,10a,10,a,Non,
7945,SOL-D,10b,10,b,Non,
7945,SOL-D,11,11,a,Non,
7945,SOL-D,12,12,a,Non,
7945,SOL-D,13a,13,a,Non,
7945,SOL-D,13b,13,b,Non,
7945,SOL-D,13c,13,c,Non,
7945,SOL-D,13d,13,d,Non,
7945,SOL-D,14,14,a,Non,
7945,SOL-D,15a,15,a,Non,
7945,SOL-D,15b,15,b,Non,
7945,SOL-D,16,16,a,Non,
7945,SOL-D,17,17,a,Non,
7945,SOL-D,18a,18,a,Non,
7945,SOL-D,18b,18,b,Non,
7945,SOL-D,19a,19,a,Non,
7945,SOL-D,19b,19,b,Non,
7945,SOL-D,20a,20,a,Non,
7945,SOL-D,20b,20,b,Non,
7945,SOL-D,24a,24,a,Non,
7945,SOL-D,24b,24,b,Non,
7945,SOL-D,21a,21,a,Non,
7945,SOL-D,21b,21,b,Non,
7945,SOL-D,22,22,a,Non,
7945,SOL-D,23a,23,a,Partielle,
7945,SOL-D,23b,23,b,Partielle,
7945,SOL-G,1,1,a,Non,
7945,SOL-G,2,2,a,Non,
7945,SOL-G,3a,3,a,Non,
7945,SOL-G,3b,3,b,Partielle,
7945,SOL-G,3c,3,c,Non,
7945,SOL-G,4a,4,a,Partielle,
7945,SOL-G,5a,5,a,Non,
7945,SOL-G,5b,5,b,Non,
7945,SOL-G,5c,5,c,Non,
7945,SOL-G,6a,6,a,Non,
7945,SOL-G,6b,6,b,Non,
7945,SOL-G,6c,6,c,Non,
7945,SOL-G,7,7,a,Non,
7945,SOL-G,8,8,a,Non,
7945,SOL-G,9a,9,a,Non,
7945,SOL-G,9b,9,b,Non,
7945,SOL-G,10a,10,a,Non,
7945,SOL-G,10b,10,b,Partielle,
7945,SOL-G,10c,10,c,Non,
7945,SOL-G,11,11,a,Non,
7945,SOL-G,12,12,a,Non,
7945,SOL-G,13a,13,a,Non,
7945,SOL-G,13b,13,b,Non,
7945,SOL-G,14,14,a,Non,
7945,SOL-G,15,15,a,Non,
7945,SOL-G,16,16,a,Non,
7968,SOL-D,1,1,a,Non,
7968,SOL-D,2,2,a,Non,
7968,SOL-D,3,3,a,Non,
7968,SOL-D,4,4,a,Non,
7968,SOL-D,5a,5,a,Non,
7968,SOL-D,5b,5,b,Non,
7968,SOL-D,6,6,a,Non,
7968,SOL-D,7,7,a,Non,
7968,SOL-D,8,8,a,Non,
7968,SOL-D,9a,9,a,Non,
7968,SOL-D,9b,9,b,Non,
7968,SOL-D,9c,9,c,Non,
7968,SOL-D,10,10,a,Non,
7968,SOL-D,11,11,a,Non,
7968,SOL-D,12,12,a,Non,
7968,SOL-D,13,13,a,Non,
7968,SOL-D,14a,14,a,Non,
7968,SOL-D,14b,14,b,Non,
7968,SOL-D,15a,15,a,Non,
7968,SOL-D,15b,15,b,Non,
7968,SOL-D,16a,16,a,Non,
7968,SOL-D,16b,16,b,Non,
7968,SOL-D,17a,17,a,Non,
7968,SOL-D,17b,17,b,Non,
7968,SOL-D,18,18,a,Non,
7968,SOL-D,19a,19,a,Non,
7968,SOL-D,19b,19,b,Non,
7968,SOL-D,20,20,a,Non,
7968,SOL-G,1a,1,a,Non,
7968,SOL-G,1b,1,b,Non,
7968,SOL-G,2,2,a,Non,
7968,SOL-G,3,3,a,Non,
7968,SOL-G,4a,4,a,Partielle,
7968,SOL-G,4b,4,b,Non,
7968,SOL-G,5,5,a,Non,
7968,SOL-G,6,6,a,Non,
7968,SOL-G,7,7,a,Non,
7968,SOL-G,8,8,a,Non,
7968,SOL-G,9a,9,a,Non,
7968,SOL-G,9b,9,b,Non,
7968,SOL-G,9c,9,c,Non,
7968,SOL-G,10a,10,a,Non,
7968,SOL-G,10b,10,b,Non,
7968,SOL-G,10c,10,c,Non,
7968,SOL-G,11,11,a,Partielle,
7968,SOL-G,12a,12,a,Non,
7968,SOL-G,12b,12,b,Non,
7968,SOL-G,13a,13,a,Non,
7968,SOL-G,13b,13,b,Non,
7968,SOL-G,14,14,a,Non,
7968,SOL-G,15a,15,a,Non,
7968,SOL-G,15b,15,b,Non,
7968,SOL-G,16,16,a,Non,
7968,SOL-G,17a,17,a,Non,
7968,SOL-G,17b,17,b,Non,
7968,SOL-G,18a,18,a,discard,
7968,SOL-G,18b,18,b,Non,
7968,SOL-G,19a,19,a,Non,
7968,SOL-G,19b,19,b,Non,
7968,SOL-G,20,20,a,Non,
7973,SOL-D,1a,1,a,Non,
7973,SOL-D,1b,1,b,Complete,
7973,SOL-D,1c,1,c,Non,
7973,SOL-D,1d,1,d,Non,
7973,SOL-D,2,2,a,Non,
7973,SOL-D,3,3,a,Non,
7973,SOL-D,4,4,a,Non,
7973,SOL-D,5,5,a,Non,
7973,SOL-D,6a,6,a,Non,
7973,SOL-D,6b,6,b,Non,
7973,SOL-D,6c,6,c,Non,
7973,SOL-D,6d,6,d,Non,
7973,SOL-D,7,7,a,Non,
7973,SOL-D,8,8,a,Non,
7973,SOL-D,9,9,a,Non,
7973,SOL-D,10,10,a,Non,
7973,SOL-D,11a,11,a,Non,
7973,SOL-D,11b,11,b,Non,
7973,SOL-D,11c,11,c,Non,
7973,SOL-G,1a,1,a,Non,
7973,SOL-G,1b,1,b,Non,
7973,SOL-G,1c,1,c,Non,
7973,SOL-G,1d,1,d,Non,
7973,SOL-G,21a,21,a,Non,
7973,SOL-G,21b,21,b,Non,
7973,SOL-G,21c,21,c,Non,
7973,SOL-G,2a,2,a,Non,
7973,SOL-G,2b,2,b,Non,
7973,SOL-G,2c,2,c,Non,
7973,SOL-G,3a,3,a,Non,
7973,SOL-G,3b,3,b,Non,
7973,SOL-G,3c,3,c,Non,
7973,SOL-G,4,4,a,Non,
7973,SOL-G,5,5,a,Non,
7973,SOL-G,6a,6,a,Non,
7973,SOL-G,6b,6,b,Non,
7973,SOL-G,7,7,a,Non,
7973,SOL-G,8a,8,a,Non,
7973,SOL-G,8b,8,b,Non,
7973,SOL-G,9a,9,a,Non,
7973,SOL-G,9b,9,b,Non,
7973,SOL-G,10,10,a,discard,
7973,SOL-G,11,11,a,Non,
7973,SOL-G,12,12,a,Non,
7973,SOL-G,13a,13,a,Non,
7973,SOL-G,13b,13,b,Non,
7973,SOL-G,13c,13,c,Non,
7973,SOL-G,14a,14,a,Non,
7973,SOL-G,14b,14,b,Non,
7973,SOL-G,15a,15,a,Non,
7973,SOL-G,15b,15,b,Non,
7973,SOL-G,16a,16,a,Non,
7973,SOL-G,16b,16,b,Non,
7973,SOL-G,17a,17,a,Non,
7973,SOL-G,17b,17,b,Non,
7973,SOL-G,18,18,a,Non,
7973,SOL-G,19a,19,a,Partielle,
7973,SOL-G,19b,19,b,Non,
7973,SOL-G,19c,19,c,Non,
7973,SOL-G,19d,19,d,Non,
7973,SOL-G,20a,20,a,Non,
7973,SOL-G,20b,20,b,Non,
6260,SOL-D,1,1,a,Non,
6260,SOL-D,2a,2,a,Non,
6260,SOL-D,2b,2,b,Non,
6260,SOL-D,3,3,a,Non,
6260,SOL-D,4a,4,a,Non,
6260,SOL-D,4b,4,b,Non,
6260,SOL-D,5a,5,a,Partielle,
6260,SOL-D,5b,5,b,Non,
6260,SOL-D,6,6,a,Non,
6260,SOL-D,7,7,a,Non,
6260,SOL-D,8,8,a,Non,
6260,SOL-D,9a,9,a,discard,
6260,SOL-D,9b,9,b,discard,
6260,SOL-D,10a,10,a,Non,
6260,SOL-D,10b,10,b,Non,
6260,SOL-D,10c,10,c,Non,
6260,SOL-D,10d,10,d,Partielle,
6260,SOL-D,11a,11,a,Non,
6260,SOL-D,11b,11,b,Non,
6260,SOL-D,12a,12,a,Non,
6260,SOL-D,12b,12,b,Non,
6260,SOL-D,13a,13,a,Partielle,
6260,SOL-D,13b,13,b,Non,
6260,SOL-D,14a,14,a,Non,
6260,SOL-D,14b,14,b,Non,
6260,SOL-D,15,15,a,Non,
6260,SOL-D,16,16,a,Non,
6260,SOL-D,17,17,a,Non,
6260,SOL-D,18,18,a,<undefined>,
6260,SOL-D,19a,19,a,Non,
6260,SOL-D,19b,19,b,Non,
6260,SOL-D,20a,20,a,Non,
6260,SOL-D,20b,20,b,Non,
6260,SOL-G,1a,1,a,Non,
6260,SOL-G,1b,1,b,Non,
6260,SOL-G,1c,1,c,Non,
6260,SOL-G,2a,2,a,Non,
6260,SOL-G,2b,2,b,Non,
6260,SOL-G,3a,3,a,Non,
6260,SOL-G,3b,3,b,Non,
6260,SOL-G,4a,4,a,Non,
6260,SOL-G,5a,5,a,Non,
6260,SOL-G,5b,5,b,Non,
6260,SOL-G,6,6,a,Complete,
6260,SOL-G,7a,7,a,Non,
6260,SOL-G,7b,7,b,Non,
6260,SOL-G,8,8,a,Partielle,
6260,SOL-G,9,9,a,Non,
6260,SOL-G,10a,10,a,N/A,
6260,SOL-G,10b,10,b,n/a,
6260,SOL-G,11a,11,a,Non,
6260,SOL-G,11b,11,b,Complete,
6260,SOL-G,12a,12,a,Non,
6260,SOL-G,13,13,a,Complete,
6260,SOL-G,14a,14,a,Partielle,
6260,SOL-G,14b,14,b,Partielle,
6260,SOL-G,15,15,a,Non,
6260,SOL-G,16a,16,a,Non,
6260,SOL-G,16b,16,b,Non,
6260,SOL-G,17a,17,a,Complete,
6260,SOL-G,17b,17,b,Non,
6260,SOL-G,18a,18,a,Complete,
6260,SOL-G,18b,18,b,Non,
6260,SOL-G,19a,19,a,Non,
6260,SOL-G,19b,19,b,Non,
6260,SOL-G,20a,20,a,Non,
6260,SOL-G,20b,20,b,Non,
6260,SOL-G,21a,21,a,Non,
6260,SOL-G,22a,22,a,Non,
6260,SOL-G,22b,22,b,Non,
6261,SOL-D,1,1,a,Complete,
6261,SOL-D,2a,2,a,Non,
6261,SOL-D,2b,2,b,Non,
6261,SOL-D,3,3,a,Non,
6261,SOL-D,4a,4,a,Partielle,
6261,SOL-D,4b,4,b,Non,
6261,SOL-D,5a,5,a,Non,
6261,SOL-D,5b,5,b,Non,
6261,SOL-D,5c,5,c,Non,
6261,SOL-D,6a,6,a,Non,
6261,SOL-D,6b,6,b,Non,
6261,SOL-D,7a,7,a,Non,
6261,SOL-D,7b,7,b,Complete,
6261,SOL-D,8a,8,a,Complete,
6261,SOL-D,8b,8,b,Non,
6261,SOL-D,9,9,a,Partielle,
6261,SOL-D,10,10,a,Non,
6261,SOL-D,11a,11,a,Non,
6261,SOL-D,11b,11,b,Non,
6261,SOL-D,12a,12,a,Non,
6261,SOL-D,12b,12,b,Non,
6261,SOL-D,13,13,a,Non,
6261,SOL-D,14a,14,a,Non,
6261,SOL-D,14b,14,b,Non,
6261,SOL-D,15,15,a,Non,
6261,SOL-D,16,16,a,Non,
6261,SOL-G,1,1,a,Non,
6261,SOL-G,2a,2,a,Non,
6261,SOL-G,2b,2,b,Non,
6261,SOL-G,3a,3,a,Non,
6261,SOL-G,3b,3,b,Non,
6261,SOL-G,4,4,a,Non,
6261,SOL-G,5,5,a,Non,
6261,SOL-G,6,6,a,Non,
6261,SOL-G,7,7,a,Non,
6261,SOL-G,8,8,a,Non,
6261,SOL-G,9,9,a,Partielle,
6261,SOL-G,10,10,a,Non,
6261,SOL-G,11a,11,a,Non,
6261,SOL-G,11b,11,b,Non,
6261,SOL-G,12,12,a,Non,
6261,SOL-G,13a,13,a,Non,
6261,SOL-G,13b,13,b,Partielle,
6261,SOL-G,13c,13,c,Non,
6261,SOL-G,13d,13,d,Non,
6261,SOL-G,14a,14,a,Non,
6261,SOL-G,15a,15,a,Non,
6261,SOL-G,15b,15,b,Non,
6261,SOL-G,16,16,a,Non,
6261,SOL-G,17,17,a,Non,
6261,SOL-G,18a,18,a,Non,
6261,SOL-G,18b,18,b,Non,
6261,SOL-G,19,19,a,Non,
6261,SOL-G,20,20,a,Non,
6261,SOL-G,21a,21,a,Non,
6261,SOL-G,21b,21,b,Non,
6261,SOL-G,22,22,a,Non,
6261,SOL-G,23a,23,a,Non,
6261,SOL-G,23b,23,b,Non,
6261,SOL-G,24,24,a,Non,
6266,SOL-D,1a,1,a,Non,
6266,SOL-D,2,2,a,Complete,
6266,SOL-D,3a,3,a,Non,
6266,SOL-D,3b,3,b,Partielle,
6266,SOL-D,4a,4,a,Complete,
6266,SOL-D,4b,4,b,Non,
6266,SOL-D,5a,5,a,Non,
6266,SOL-D,6a,6,a,Non,
6266,SOL-D,6b,6,b,Complete,
6266,SOL-D,7a,7,a,Non,
6266,SOL-D,8a,8,a,Non,
6266,SOL-D,8b,8,b,Non,
6266,SOL-D,8c,8,c,Non,
6266,SOL-D,9a,9,a,Complete,
6266,SOL-D,9b,9,b,Complete,
6266,SOL-D,10a,10,a,Non,
6266,SOL-D,11a,11,a,Non,
6266,SOL-D,12a,12,a,Complete,
6266,SOL-D,12b,12,b,Non,
6266,SOL-D,13a,13,a,Non,
6266,SOL-D,13b,13,b,Non,
6266,SOL-D,14a,14,a,Non,
6266,SOL-D,14b,14,b,Non,
6266,SOL-D,16,16,a,Complete,
6266,SOL-D,15,15,a,Non,
6266,SOL-D,17,17,a,Complete,
6266,SOL-D,18,18,a,Partielle,
6266,SOL-D,19,19,a,Non,
6266,SOL-D,20,20,a,Partielle,
6266,SOL-D,21,21,a,Non,
6266,SOL-D,22a,22,a,Complete,
6266,SOL-D,22b,22,b,Non,
6266,SOL-D,23,23,a,Non,
6266,SOL-D,24,24,a,Non,
6266,SOL-G,1a,1,a,Non,
6266,SOL-G,1b,1,b,Non,
6266,SOL-G,2,2,a,Non,
6266,SOL-G,3,3,a,Non,
6266,SOL-G,4,4,a,Non,
6266,SOL-G,5,5,a,Non,
6266,SOL-G,6,6,a,Non,
6266,SOL-G,7,7,a,Non,
6266,SOL-G,8a,8,a,Non,
6266,SOL-G,8b,8,b,Non,
6266,SOL-G,9a,9,a,Non,
6266,SOL-G,9b,9,b,Non,
6266,SOL-G,10,10,a,Non,
6266,SOL-G,11,11,a,Non,
6266,SOL-G,12a,12,a,Non,
6266,SOL-G,12b,12,b,Non,
6266,SOL-G,13a,13,a,Non,
6266,SOL-G,13b,13,b,Non,
6266,SOL-G,14a,14,a,Non,
6266,SOL-G,14b,14,b,Non,
6266,SOL-G,14c,14,c,Non,
6266,SOL-G,14d,14,d,Non,
6266,SOL-G,15,15,a,Non,
6266,SOL-G,16,16,a,Non,
6266,SOL-G,17,17,a,Non,
6266,SOL-G,18,18,a,Non,
6266,SOL-G,19,19,a,Non,
6266,SOL-G,20,20,a,Non,
6266,SOL-G,21,21,a,Non,
6266,SOL-G,22,22,a,Non,
6266,SOL-G,23a,23,a,Non,
6266,SOL-G,23b,23,b,Non,
6266,SOL-G,24,24,a,Non,
6266,SOL-G,25,25,a,Non,
6266,SOL-G,26a,26,a,Non,
6266,SOL-G,26b,26,b,Non,
6266,SOL-G,27,27,a,Non,
6266,SOL-G,28,28,a,Non,
6266,SOL-G,29a,29,a,Partielle,
6266,SOL-G,29b,29,b,Non,
6266,SOL-G,30,30,a,Partielle,
6266,SOL-G,31a,31,a,Non,
6266,SOL-G,31b,31,b,Non,
6266,SOL-G,32a,32,a,Non,
6266,SOL-G,32b,32,b,Non,
6283,SOL-D,1,1,a,Non,
6283,SOL-D,2,2,a,Non,
6283,SOL-D,3,3,a,Non,
6283,SOL-D,4a,4,a,Non,
6283,SOL-D,4b,4,b,Non,
6283,SOL-D,4c,4,c,Non,
6283,SOL-D,5a,5,a,Non,
6283,SOL-D,5b,5,b,Non,
6283,SOL-D,6,6,a,Non,
6283,SOL-D,7,7,a,Non,
6283,SOL-D,8a,8,a,Non,
6283,SOL-D,8b,8,b,Non,
6283,SOL-D,8c,8,c,Non,
6283,SOL-D,9,9,a,Non,
6283,SOL-D,10,10,a,Non,
6283,SOL-D,11,11,a,Non,
6283,SOL-D,12,12,a,Non,
6283,SOL-D,13,13,a,Non,
6283,SOL-D,14,14,a,Non,
6283,SOL-D,15a,15,a,Non,
6283,SOL-D,15b,15,b,Non,
6283,SOL-D,15c,15,c,Non,
6283,SOL-D,15d,15,d,Non,
6283,SOL-D,15e,15,e,Non,
6283,SOL-D,16,16,a,Non,
6283,SOL-D,17a,17,a,Non,
6283,SOL-D,17b,17,b,Non,
6283,SOL-D,18a,18,a,Complete,
6283,SOL-D,18b,18,b,Non,
6283,SOL-D,18c,18,c,Non,
6283,SOL-D,19a,19,a,Non,
6283,SOL-D,20,20,a,Non,
6283,SOL-D,21,21,a,Non,
6283,SOL-G,1a,1,a,Non,
6283,SOL-G,1b,1,b,Non,
6283,SOL-G,2,2,a,Non,
6283,SOL-G,3a,3,a,Non,
6283,SOL-G,3b,3,b,Non,
6283,SOL-G,4a,4,a,Non,
6283,SOL-G,4b,4,b,Non,
6283,SOL-G,5a,5,a,Non,
6283,SOL-G,6,6,a,Non,
6283,SOL-G,7,7,a,Complete,
6283,SOL-G,8,8,a,discard,
6283,SOL-G,9,9,a,Non,
6283,SOL-G,10a,10,a,Non,
6283,SOL-G,10b,10,b,Non,
6283,SOL-G,11,11,a,Non,
6283,SOL-G,12a,12,a,Non,
6283,SOL-G,12b,12,b,Non,
6283,SOL-G,12c,12,c,Non,
6283,SOL-G,12d,12,d,Non,
6283,SOL-G,13,13,a,Non,
6283,SOL-G,14a,14,a,Non,
6283,SOL-G,14b,14,b,Non,
6283,SOL-G,15a,15,a,<undefined>,
6283,SOL-G,16,16,a,Non,
6283,SOL-G,17,17,a,Non,
6283,SOL-G,18a,18,a,Partielle,
6283,SOL-G,18b,18,b,Non,
6283,SOL-G,19,19,a,Non,
6283,SOL-G,20,20,a,Non,
6283,SOL-G,21,21,a,Non,
6284,SOL-G,1a,1,a,Non,
6284,SOL-G,1b,1,b,Non,
6284,SOL-G,2,2,a,Non,
6284,SOL-G,3,3,a,Non,
6284,SOL-G,4,4,a,Partielle,
6284,SOL-G,5,5,a,Non,
6284,SOL-G,6,6,a,Non,
6284,SOL-G,7,7,a,Non,
6284,SOL-G,8,8,a,Non,
6284,SOL-G,9a,9,a,Non,
6284,SOL-G,9b,9,b,Non,
6284,SOL-G,10,10,a,Non,
6284,SOL-G,11,11,a,Partielle,
6284,SOL-G,13a,13,a,Non,
6284,SOL-G,13b,13,b,Non,
6284,SOL-G,12,12,a,Non,
6284,SOL-G,14,14,a,Non,
6284,SOL-G,15a,15,a,Non,
6284,SOL-G,15b,15,b,Non,
6284,SOL-G,16a,16,a,Partielle,
6284,SOL-G,16b,16,b,Non,
6284,SOL-G,17,17,a,Non,
6284,SOL-G,18a,18,a,Non,
6284,SOL-G,18b,18,b,Non,
6284,SOL-D,1a,1,a,Non,
6284,SOL-D,1b,1,b,Non,
6284,SOL-D,2,2,a,Non,
6284,SOL-D,3,3,a,Non,
6284,SOL-D,4a,4,a,Non,
6284,SOL-D,4b,4,b,Non,
6284,SOL-D,5,5,a,Non,
6284,SOL-D,6,6,a,Non,
6284,SOL-D,7,7,a,Non,
6284,SOL-D,8a,8,a,Non,
6284,SOL-D,8b,8,b,Non,
6284,SOL-D,8c,8,c,Non,
6284,SOL-D,9,9,a,Non,
6284,SOL-D,10,10,a,Non,
6284,SOL-D,11,11,a,Non,
6284,SOL-D,12,12,a,Non,
6284,SOL-D,13a,13,a,Non,
6284,SOL-D,13b,13,b,Non,
6284,SOL-D,15,15,a,Non,
6284,SOL-D,14a,14,a,Partielle,
6284,SOL-D,14b,14,b,Partielle,
6284,SOL-D,16,16,a,Non,
6284,SOL-D,17,17,a,Non,
6284,SOL-D,18a,18,a,Non,
6284,SOL-D,18b,18,b,Non,
6284,SOL-D,19a,19,a,Non,
6284,SOL-D,19b,19,b,Non,
6284,SOL-D,20a,20,a,Non,
6284,SOL-D,21,21,a,Non,
6284,SOL-D,22a,22,a,Non,
6284,SOL-D,22b,22,b,Non,
6284,SOL-D,23a,23,a,Partielle,
6284,SOL-D,23b,23,b,Non,
6284,SOL-D,24,24,a,Non,
6284,SOL-D,25,25,a,Non,
6284,SOL-D,26,26,a,Partielle,
6267,SOL-D,1,1,a,Non,
6267,SOL-D,2,2,a,Non,
6267,SOL-D,3,3,a,Non,
6267,SOL-D,4,4,a,Non,
6267,SOL-D,5,5,a,Non,
6267,SOL-D,6a,6,a,Non,
6267,SOL-D,6b,6,b,Non,
6267,SOL-D,6c,6,c,Non,
6267,SOL-D,7a,7,a,Non,
6267,SOL-D,7b,7,b,Non,
6267,SOL-D,8a,8,a,Non,
6267,SOL-D,8b,8,b,Non,
6267,SOL-D,9a,9,a,Non,
6267,SOL-D,9b,9,b,Non,
6267,SOL-D,10,10,a,Non,
6267,SOL-D,11,11,a,Non,
6267,SOL-D,12a,12,a,Non,
6267,SOL-D,12b,12,b,Non,
6267,SOL-D,13a,13,a,Non,
6267,SOL-D,13b,13,b,Non,
6267,SOL-D,14,14,a,Non,
6267,SOL-D,15a,15,a,Non,
6267,SOL-D,15b,15,b,Non,
6267,SOL-D,16,16,a,Non,
6267,SOL-D,17a,17,a,Non,
6267,SOL-D,17b,17,b,Non,
6267,SOL-D,18a,18,a,Non,
6267,SOL-D,18b,18,b,Non,
6267,SOL-D,19,19,a,Non,
6267,SOL-D,20a,20,a,Non,
6267,SOL-D,20b,20,b,Non,
6267,SOL-D,21a,21,a,Non,
6267,SOL-D,21b,21,b,Non,
6267,SOL-G,1,1,a,Non,
6267,SOL-G,2a,2,a,Non,
6267,SOL-G,2b,2,b,Complete,
6267,SOL-G,3,3,a,Non,
6267,SOL-G,4a,4,a,Non,
6267,SOL-G,4b,4,b,Non,
6267,SOL-G,5,5,a,discard,
6267,SOL-G,6,6,a,Non,
6267,SOL-G,7,7,a,Non,
6267,SOL-G,8a,8,a,Non,
6267,SOL-G,8b,8,b,Non,
6267,SOL-G,9a,9,a,Non,
6267,SOL-G,9b,9,b,Non,
6267,SOL-G,10a,10,a,Non,
6267,SOL-G,10b,10,b,Non,
6267,SOL-G,11,11,a,Non,
6267,SOL-G,12a,12,a,Non,
6267,SOL-G,12b,12,b,Non,
6267,SOL-G,13,13,a,Non,
6267,SOL-G,14,14,a,Non,
6267,SOL-G,15,15,a,Non,
6267,SOL-G,16a,16,a,Non,
6267,SOL-G,16b,16,b,Non,
6267,SOL-G,17,17,a,Non,
6267,SOL-G,18,18,a,Non,
6267,SOL-G,19a,19,a,Non,
6267,SOL-G,19b,19,b,Non,
6268,SOL-D,1,1,a,Non,
6268,SOL-D,2,2,a,Non,
6268,SOL-D,3,3,a,Non,
6268,SOL-D,4a,4,a,Partielle,
6268,SOL-D,4b,4,b,Non,
6268,SOL-D,5,5,a,Non,
6268,SOL-D,6,6,a,Non,
6268,SOL-D,7,7,a,Non,
6268,SOL-D,8a,8,a,Non,
6268,SOL-D,8b,8,b,Non,
6268,SOL-D,9,9,a,Non,
6268,SOL-D,10,10,a,Non,
6268,SOL-D,11,11,a,Non,
6268,SOL-D,12,12,a,Non,
6268,SOL-D,13a,13,a,Non,
6268,SOL-D,13b,13,b,Non,
6268,SOL-D,14,14,a,Non,
6268,SOL-D,15a,15,a,Non,
6268,SOL-D,15b,15,b,Non,
6268,SOL-D,16a,16,a,Non,
6268,SOL-D,16b,16,b,Non,
6268,SOL-D,17a,17,a,Non,
6268,SOL-D,17b,17,b,Non,
6268,SOL-D,18a,18,a,Non,
6268,SOL-D,18b,18,b,Non,
6268,SOL-D,19a,19,a,Non,
6268,SOL-D,19b,19,b,Non,
6268,SOL-D,20a,20,a,Non,
6268,SOL-D,20b,20,b,Non,
6268,SOL-D,20c,20,c,Non,
6268,SOL-D,21,21,a,Non,
6268,SOL-D,22,22,a,Non,
6268,SOL-D,23,23,a,Non,
6268,SOL-D,24,24,a,Non,
6268,SOL-D,25,25,a,Non,
6268,SOL-D,26,26,a,Non,
6268,SOL-G,1,1,a,Non,
6268,SOL-G,2,2,a,Non,
6268,SOL-G,3a,3,a,Non,
6268,SOL-G,3b,3,b,Non,
6268,SOL-G,4a,4,a,Non,
6268,SOL-G,4b,4,b,Non,
6268,SOL-G,5a,5,a,Non,
6268,SOL-G,5b,5,b,Non,
6268,SOL-G,5c,5,c,Non,
6268,SOL-G,6,6,a,Non,
6268,SOL-G,7,7,a,Non,
6268,SOL-G,8,8,a,Non,
6268,SOL-G,9,9,a,Non,
6268,SOL-G,10,10,a,Non,
6268,SOL-G,11,11,a,Non,
6268,SOL-G,12,12,a,Non,
6268,SOL-G,13,13,a,Non,
6268,SOL-G,14,14,a,Non,
6268,SOL-G,15,15,a,Non,
6268,SOL-G,16,16,a,Non,
6268,SOL-G,17,17,a,Non,
6268,SOL-G,18,18,a,Non,
6268,SOL-G,19a,19,a,Non,
6268,SOL-G,19b,19,b,Non,
6268,SOL-G,19c,19,c,Non,
6268,SOL-G,20,20,a,Non,
6268,SOL-G,21a,21,a,Non,
6268,SOL-G,22,22,a,Partielle,
6268,SOL-G,23,23,a,Non,
6268,SOL-G,21b,21,b,Non,
6269,SOL-G,1,1,a,Non,
6269,SOL-G,2,2,a,Non,
6269,SOL-G,3,3,a,Non,
6269,SOL-G,4,4,a,Non,
6269,SOL-G,5,5,a,Non,
6269,SOL-G,6a,6,a,Non,
6269,SOL-G,6b,6,b,Non,
6269,SOL-G,7,7,a,Non,
6269,SOL-G,8,8,a,Non,
6269,SOL-G,9,9,a,Non,
6269,SOL-G,10,10,a,Non,
6269,SOL-G,11,11,a,Non,
6269,SOL-G,12,12,a,Non,
6269,SOL-G,13,13,a,Non,
6269,SOL-G,14,14,a,Non,
6269,SOL-G,15,15,a,Non,
6269,SOL-G,16,16,a,Non,
6269,SOL-G,17,17,a,Non,
6269,SOL-G,18,18,a,Non,
6269,SOL-G,19,19,a,Non,
6269,SOL-G,20,20,a,Non,
6269,SOL-G,21,21,a,Non,
6269,SOL-D,4,4,a,Non,
6269,SOL-D,1,1,a,Non,
6269,SOL-D,3,3,a,Non,
6269,SOL-D,2,2,a,Non,
6285,SOL-G,1,1,a,Non,
6285,SOL-G,2,2,a,Non,
6285,SOL-G,3,3,a,Non,
6285,SOL-G,4,4,a,Non,
6285,SOL-G,5,5,a,Non,
6285,SOL-G,6,6,a,Non,
6285,SOL-G,7,7,a,Non,
6285,SOL-G,8,8,a,Non,
6285,SOL-G,9a,9,a,Non,
6285,SOL-G,9b,9,b,Non,
6285,SOL-G,10,10,a,Non,
6285,SOL-G,11a,11,a,Non,
6285,SOL-G,11b,11,b,Non,
6285,SOL-G,12,12,a,Non,
6285,SOL-G,13a,13,a,Non,
6285,SOL-G,13b,13,b,Non,
6285,SOL-G,13c,13,c,Non,
6285,SOL-G,14,14,a,Non,
6285,SOL-G,15,15,a,Non,
6285,SOL-G,16a,16,a,Non,
6285,SOL-G,16b,16,b,Non,
6285,SOL-G,16c,16,c,Non,
6285,SOL-G,17,17,a,Non,
6285,SOL-G,18,18,a,Non,
6285,SOL-G,19,19,a,Non,
6285,SOL-G,20,20,a,Non,
6285,SOL-G,21,21,a,Non,
6285,SOL-G,22,22,a,Non,
6285,SOL-G,23,23,a,Non,
6285,SOL-G,24,24,a,Non,
6285,SOL-G,25,25,a,Non,
6285,SOL-D,1,1,a,Non,
6285,SOL-D,2,2,a,Non,
6285,SOL-D,3,3,a,Non,
6285,SOL-D,4,4,a,Non,
6285,SOL-D,5,5,a,Non,
6285,SOL-D,6,6,a,Non,
6285,SOL-D,7,7,a,Non,
6285,SOL-D,8,8,a,Non,
6285,SOL-D,9a,9,a,Non,
6285,SOL-D,9b,9,b,Non,
6285,SOL-D,10,10,a,Non,
6285,SOL-D,11,11,a,Non,
6285,SOL-D,12a,12,a,Non,
6285,SOL-D,12b,12,b,Non,
6285,SOL-D,13,13,a,Non,
6285,SOL-D,14,14,a,Non,
6285,SOL-D,15,15,a,Non,
6285,SOL-D,16a,16,a,Non,
6285,SOL-D,16b,16,b,Non,
6285,SOL-D,17a,17,a,Non,
6285,SOL-D,17b,17,b,Non,
6285,SOL-D,18,18,a,Non,
6285,SOL-D,19,19,a,Non,
6285,SOL-D,20,20,a,Non,
6285,SOL-D,21,21,a,Non,
6285,SOL-D,22,22,a,Non,
6285,SOL-D,23,23,a,Non,
6285,SOL-D,24a,24,a,Non,
6285,SOL-D,24b,24,b,Non,
