AnimalID;MuscleID;ImgID;ImgID;Number_of_NMJ;NMJ_id;Denervation
6260;SOL-D;18;6260SOL-D18;;a;<undefined>
6283;SOL-G;15;6283SOL-G15;;a;<undefined>
7928;SOL-G;9;7928SOL-G9;;a;<undefined>
7978;SOL-G;6;7978SOL-G6;;a;<undefined>
6260;SOL-G;10;6260SOL-G10;;a;N/A
6260;SOL-G;10;6260SOL-G10;;b;n/a
7964;SOL-D;6;7964SOL-D6;;a;N/A
7964;SOL-D;11;7964SOL-D11;;b;N/a
7964;SOL-D;12;7964SOL-D12;;a;N/a
7964;SOL-D;12;7964SOL-D12;;b;N/a
7964;SOL-D;14;7964SOL-D14;;a;N/a
7964;SOL-D;16;7964SOL-D16;;a;N/a
7979;SOL-D;11;7979SOL-D11;;a;N/a
7979;SOL-G;9;7979SOL-G9;;b;N/A
6260;SOL-D;9;6260SOL-D9;;a;discard
6260;SOL-D;9;6260SOL-D9;;b;discard
6267;SOL-G;5;6267SOL-G5;;a;discard
6283;SOL-G;8;6283SOL-G8;;a;discard
6416;EDL-G;16;6416EDL-G16;;b;discard
6435;EDL-D;3;6435EDL-D3;;a;discard
7754;EDL-G;14;7754EDL-G14;;a;discard
7754;EDL-G;15;7754EDL-G15;;a;discard
7754;EDL-G;16;7754EDL-G16;;a;discard
7968;SOL-G;18;7968SOL-G18;;a;discard
7973;SOL-G;10;7973SOL-G10;;a;discard
7978;SOL-D;17;7978SOL-D17;;c;discard
7978;SOL-D;18;7978SOL-D18;;a;discard
7978;SOL-D;19;7978SOL-D19;;a;discard
7979;SOL-G;5;7979SOL-G5;;b;discard
7989;SOL-D;6;7989SOL-D6;;a;Discard
6260;SOL-D;5;6260SOL-D5;;a;Partielle
6260;SOL-D;10;6260SOL-D10;;d;Partielle
6260;SOL-D;13;6260SOL-D13;;a;Partielle
6260;SOL-G;8;6260SOL-G8;;a;Partielle
6260;SOL-G;14;6260SOL-G14;;a;Partielle
6260;SOL-G;14;6260SOL-G14;;b;Partielle
6261;SOL-D;4;6261SOL-D4;;a;Partielle
6261;SOL-D;9;6261SOL-D9;;a;Partielle
6261;SOL-G;9;6261SOL-G9;;a;Partielle
6261;SOL-G;13;6261SOL-G13;;b;Partielle
6266;SOL-D;3;6266SOL-D3;;b;Partielle
6266;SOL-D;18;6266SOL-D18;;a;Partielle
6266;SOL-D;20;6266SOL-D20;;a;Partielle
6266;SOL-G;29;6266SOL-G29;;a;Partielle
6266;SOL-G;30;6266SOL-G30;;a;Partielle
6268;SOL-D;4;6268SOL-D4;;a;Partielle
6268;SOL-G;22;6268SOL-G22;;a;Partielle
6283;SOL-G;18;6283SOL-G18;;a;Partielle
6284;SOL-D;14;6284SOL-D14;;a;Partielle
6284;SOL-D;14;6284SOL-D14;;b;Partielle
6284;SOL-D;23;6284SOL-D23;;a;Partielle
6284;SOL-D;26;6284SOL-D26;;a;Partielle
6284;SOL-G;4;6284SOL-G4;;a;Partielle
6284;SOL-G;11;6284SOL-G11;;a;Partielle
6284;SOL-G;16;6284SOL-G16;;a;Partielle
6412;EDL-G;4;6412EDL-G4;;a;Partielle
6412;EDL-G;5;6412EDL-G5;;a;Partielle
6412;EDL-G;6;6412EDL-G6;;a;Partielle
6412;EDL-G;6;6412EDL-G6;;b;Partielle
6412;EDL-G;7;6412EDL-G7;;a;Partielle
6412;EDL-G;7;6412EDL-G7;;b;Partielle
6414;EDL-G;3;6414EDL-G3;;a;Partielle
6414;EDL-G;12;6414EDL-G12;;a;Partielle
6414;EDL-G;14;6414EDL-G14;;a;Partielle
6418;EDL-G;3;6418EDL-G3;;a;Partielle
6418;EDL-G;5;6418EDL-G5;;a;Partielle
6418;EDL-G;6;6418EDL-G6;;a;Partielle
6418;EDL-G;7;6418EDL-G7;;a;Partielle
6418;EDL-G;7;6418EDL-G7;;b;Partielle
6434;EDL-D;1;6434EDL-D1;;a;Partielle
6434;EDL-D;4;6434EDL-D4;;a;Partielle
6435;EDL-D;6;6435EDL-D6;;a;Partielle
6435;EDL-D;9;6435EDL-D9;;a;Partielle
6435;EDL-D;12;6435EDL-D12;;d;Partielle
7726;EDL-G;2;7726EDL-G2;;a;Partielle
7726;EDL-G;3;7726EDL-G3;;a;Partielle
7726;EDL-G;5;7726EDL-G5;;b;Partielle
7726;EDL-G;6;7726EDL-G6;;b;Partielle
7726;EDL-G;6;7726EDL-G6;;c;Partielle
7726;EDL-G;8;7726EDL-G8;;a;Partielle
7736;EDL-G;1;7736EDL-G1;;a;Partielle
7736;EDL-G;1;7736EDL-G1;;b;Partielle
7736;EDL-G;2;7736EDL-G2;;a;Partielle
7736;EDL-G;4;7736EDL-G4;;b;Partielle
7736;EDL-G;5;7736EDL-G5;;a;Partielle
7736;EDL-G;6;7736EDL-G6;;a;Partielle
7738;EDL-D;1;7738EDL-D1;;a;Partielle
7738;EDL-D;2;7738EDL-D2;;a;Partielle
7738;EDL-D;2;7738EDL-D2;;b;Partielle
7738;EDL-D;4;7738EDL-D4;;a;Partielle
7738;EDL-D;9;7738EDL-D9;;a;Partielle
7753;EDL-G;1;7753EDL-G1;;a;Partielle
7753;EDL-G;2;7753EDL-G2;;a;Partielle
7753;EDL-G;3;7753EDL-G3;;a;Partielle
7753;EDL-G;3;7753EDL-G3;;b;Partielle
7753;EDL-G;3;7753EDL-G3;;c;Partielle
7753;EDL-G;9;7753EDL-G9;;b;Partielle
7753;EDL-G;10;7753EDL-G10;;a;Partielle
7753;EDL-G;10;7753EDL-G10;;b;Partielle
7753;EDL-G;10;7753EDL-G10;;c;Partielle
7753;EDL-G;11;7753EDL-G11;;a;Partielle
7753;EDL-G;12;7753EDL-G12;;b;Partielle
7753;EDL-G;13;7753EDL-G13;;a;Partielle
7753;EDL-G;13;7753EDL-G13;;b;Partielle
7753;EDL-G;14;7753EDL-G14;;a;Partielle
7753;EDL-G;15;7753EDL-G15;;a;Partielle
7753;EDL-G;15;7753EDL-G15;;b;Partielle
7753;EDL-G;16;7753EDL-G16;;a;Partielle
7753;EDL-G;17;7753EDL-G17;;c;Partielle
7753;EDL-G;17;7753EDL-G17;;d;Partielle
7771;EDL-D;1;7771EDL-D1;;c;Partielle
7771;EDL-D;2;7771EDL-D2;;a;Partielle
7771;EDL-D;3;7771EDL-D3;;a;Partielle
7771;EDL-D;6;7771EDL-D6;;b;Partielle
7771;EDL-D;10;7771EDL-D10;;a;Partielle
7771;EDL-D;11;7771EDL-D11;;a;Partielle
7771;EDL-D;16;7771EDL-D16;;a;Partielle
7771;EDL-D;17;7771EDL-D17;;a;Partielle
7771;EDL-D;17;7771EDL-D17;;b;Partielle
7771;EDL-D;17;7771EDL-D17;;c;Partielle
7771;EDL-D;17;7771EDL-D17;;d;Partielle
7789;EDL-G;19;7789EDL-G19;;b;Partielle
7906;EDL-G;1;7906EDL-G1;;a;Partielle
7906;EDL-G;2;7906EDL-G2;;a;Partielle
7906;EDL-G;12;7906EDL-G12;;b;Partielle
7906;EDL-G;17;7906EDL-G17;;a;Partielle
7906;EDL-G;17;7906EDL-G17;;b;Partielle
7906;EDL-G;17;7906EDL-G17;;c;Partielle
7906;EDL-G;17;7906EDL-G17;;d;Partielle
7906;EDL-G;17;7906EDL-G17;;e;Partielle
7906;EDL-G;17;7906EDL-G17;;f;Partielle
7906;EDL-G;17;7906EDL-G17;;g;Partielle
7906;EDL-G;17;7906EDL-G17;;h;Partielle
7906;EDL-G;15;7906EDL-G15;;a;Partielle
7924;EDL-G;10;7924EDL-G10;;a;Partielle
7925;EDL-G;9;7925EDL-G9;;a;Partielle
7925;EDL-G;10;7925EDL-G10;;a;Partielle
7927;SOL-G;5;7927SOL-G5;;a;Partielle
7927;SOL-G;11;7927SOL-G11;;a;Partielle
7928;SOL-D;2;7928SOL-D2;;a;Partielle
7928;SOL-D;15;7928SOL-D15;;a;Partielle
7928;SOL-D;22;7928SOL-D22;;b;Partielle
7928;SOL-G;2;7928SOL-G2;;b;Partielle
7928;SOL-G;11;7928SOL-G11;;a;Partielle
7942;SOL-D;11;7942SOL-D11;;a;Partielle
7945;SOL-D;3;7945SOL-D3;;a;Partielle
7945;SOL-D;23;7945SOL-D23;;a;Partielle
7945;SOL-D;23;7945SOL-D23;;b;Partielle
7945;SOL-G;3;7945SOL-G3;;b;Partielle
7945;SOL-G;4;7945SOL-G4;;a;Partielle
7945;SOL-G;10;7945SOL-G10;;b;Partielle
7964;SOL-D;5;7964SOL-D5;;b;Partielle
7968;SOL-G;4;7968SOL-G4;;a;Partielle
7968;SOL-G;11;7968SOL-G11;;a;Partielle
7973;SOL-G;19;7973SOL-G19;;a;Partielle
7978;SOL-D;13;7978SOL-D13;;b;Partielle
7978;SOL-D;14;7978SOL-D14;;a;Partielle
7978;SOL-D;25;7978SOL-D25;;a;Partielle
7978;SOL-D;27;7978SOL-D27;;a;Partielle
7978;SOL-D;29;7978SOL-D29;;a;Partielle
7978;SOL-D;30;7978SOL-D30;;b;Partielle
7978;SOL-G;1;7978SOL-G1;;a;Partielle
7979;SOL-D;2;7979SOL-D2;;b;Partielle
7989;SOL-D;5;7989SOL-D5;;a;Partielle
6260;SOL-D;1;6260SOL-D1;;a;Non
6260;SOL-D;2;6260SOL-D2;;a;Non
6260;SOL-D;2;6260SOL-D2;;b;Non
6260;SOL-D;3;6260SOL-D3;;a;Non
6260;SOL-D;4;6260SOL-D4;;a;Non
6260;SOL-D;4;6260SOL-D4;;b;Non
6260;SOL-D;5;6260SOL-D5;;b;Non
6260;SOL-D;6;6260SOL-D6;;a;Non
6260;SOL-D;7;6260SOL-D7;;a;Non
6260;SOL-D;8;6260SOL-D8;;a;Non
6260;SOL-D;10;6260SOL-D10;;a;Non
6260;SOL-D;10;6260SOL-D10;;b;Non
6260;SOL-D;10;6260SOL-D10;;c;Non
6260;SOL-D;11;6260SOL-D11;;a;Non
6260;SOL-D;11;6260SOL-D11;;b;Non
6260;SOL-D;12;6260SOL-D12;;a;Non
6260;SOL-D;12;6260SOL-D12;;b;Non
6260;SOL-D;13;6260SOL-D13;;b;Non
6260;SOL-D;14;6260SOL-D14;;a;Non
6260;SOL-D;14;6260SOL-D14;;b;Non
6260;SOL-D;15;6260SOL-D15;;a;Non
6260;SOL-D;16;6260SOL-D16;;a;Non
6260;SOL-D;17;6260SOL-D17;;a;Non
6260;SOL-D;19;6260SOL-D19;;a;Non
6260;SOL-D;19;6260SOL-D19;;b;Non
6260;SOL-D;20;6260SOL-D20;;a;Non
6260;SOL-D;20;6260SOL-D20;;b;Non
6260;SOL-G;1;6260SOL-G1;;a;Non
6260;SOL-G;1;6260SOL-G1;;b;Non
6260;SOL-G;1;6260SOL-G1;;c;Non
6260;SOL-G;2;6260SOL-G2;;a;Non
6260;SOL-G;2;6260SOL-G2;;b;Non
6260;SOL-G;3;6260SOL-G3;;a;Non
6260;SOL-G;3;6260SOL-G3;;b;Non
6260;SOL-G;4;6260SOL-G4;;a;Non
6260;SOL-G;5;6260SOL-G5;;a;Non
6260;SOL-G;5;6260SOL-G5;;b;Non
6260;SOL-G;7;6260SOL-G7;;a;Non
6260;SOL-G;7;6260SOL-G7;;b;Non
6260;SOL-G;9;6260SOL-G9;;a;Non
6260;SOL-G;11;6260SOL-G11;;a;Non
6260;SOL-G;12;6260SOL-G12;;a;Non
6260;SOL-G;15;6260SOL-G15;;a;Non
6260;SOL-G;16;6260SOL-G16;;a;Non
6260;SOL-G;16;6260SOL-G16;;b;Non
6260;SOL-G;17;6260SOL-G17;;b;Non
6260;SOL-G;18;6260SOL-G18;;b;Non
6260;SOL-G;19;6260SOL-G19;;a;Non
6260;SOL-G;19;6260SOL-G19;;b;Non
6260;SOL-G;20;6260SOL-G20;;a;Non
6260;SOL-G;20;6260SOL-G20;;b;Non
6260;SOL-G;21;6260SOL-G21;;a;Non
6260;SOL-G;22;6260SOL-G22;;a;Non
6260;SOL-G;22;6260SOL-G22;;b;Non
6261;SOL-D;2;6261SOL-D2;;a;Non
6261;SOL-D;2;6261SOL-D2;;b;Non
6261;SOL-D;3;6261SOL-D3;;a;Non
6261;SOL-D;4;6261SOL-D4;;b;Non
6261;SOL-D;5;6261SOL-D5;;a;Non
6261;SOL-D;5;6261SOL-D5;;b;Non
6261;SOL-D;5;6261SOL-D5;;c;Non
6261;SOL-D;6;6261SOL-D6;;a;Non
6261;SOL-D;6;6261SOL-D6;;b;Non
6261;SOL-D;7;6261SOL-D7;;a;Non
6261;SOL-D;8;6261SOL-D8;;b;Non
6261;SOL-D;10;6261SOL-D10;;a;Non
6261;SOL-D;11;6261SOL-D11;;a;Non
6261;SOL-D;11;6261SOL-D11;;b;Non
6261;SOL-D;12;6261SOL-D12;;a;Non
6261;SOL-D;12;6261SOL-D12;;b;Non
6261;SOL-D;13;6261SOL-D13;;a;Non
6261;SOL-D;14;6261SOL-D14;;a;Non
6261;SOL-D;14;6261SOL-D14;;b;Non
6261;SOL-D;15;6261SOL-D15;;a;Non
6261;SOL-D;16;6261SOL-D16;;a;Non
6261;SOL-G;1;6261SOL-G1;;a;Non
6261;SOL-G;2;6261SOL-G2;;a;Non
6261;SOL-G;2;6261SOL-G2;;b;Non
6261;SOL-G;3;6261SOL-G3;;a;Non
6261;SOL-G;3;6261SOL-G3;;b;Non
6261;SOL-G;4;6261SOL-G4;;a;Non
6261;SOL-G;5;6261SOL-G5;;a;Non
6261;SOL-G;6;6261SOL-G6;;a;Non
6261;SOL-G;7;6261SOL-G7;;a;Non
6261;SOL-G;8;6261SOL-G8;;a;Non
6261;SOL-G;10;6261SOL-G10;;a;Non
6261;SOL-G;11;6261SOL-G11;;a;Non
6261;SOL-G;11;6261SOL-G11;;b;Non
6261;SOL-G;12;6261SOL-G12;;a;Non
6261;SOL-G;13;6261SOL-G13;;a;Non
6261;SOL-G;13;6261SOL-G13;;c;Non
6261;SOL-G;13;6261SOL-G13;;d;Non
6261;SOL-G;14;6261SOL-G14;;a;Non
6261;SOL-G;15;6261SOL-G15;;a;Non
6261;SOL-G;15;6261SOL-G15;;b;Non
6261;SOL-G;16;6261SOL-G16;;a;Non
6261;SOL-G;17;6261SOL-G17;;a;Non
6261;SOL-G;18;6261SOL-G18;;a;Non
6261;SOL-G;18;6261SOL-G18;;b;Non
6261;SOL-G;19;6261SOL-G19;;a;Non
6261;SOL-G;20;6261SOL-G20;;a;Non
6261;SOL-G;21;6261SOL-G21;;a;Non
6261;SOL-G;21;6261SOL-G21;;b;Non
6261;SOL-G;22;6261SOL-G22;;a;Non
6261;SOL-G;23;6261SOL-G23;;a;Non
6261;SOL-G;23;6261SOL-G23;;b;Non
6261;SOL-G;24;6261SOL-G24;;a;Non
6266;SOL-D;1;6266SOL-D1;;a;Non
6266;SOL-D;3;6266SOL-D3;;a;Non
6266;SOL-D;4;6266SOL-D4;;b;Non
6266;SOL-D;5;6266SOL-D5;;a;Non
6266;SOL-D;6;6266SOL-D6;;a;Non
6266;SOL-D;7;6266SOL-D7;;a;Non
6266;SOL-D;8;6266SOL-D8;;a;Non
6266;SOL-D;8;6266SOL-D8;;b;Non
6266;SOL-D;8;6266SOL-D8;;c;Non
6266;SOL-D;10;6266SOL-D10;;a;Non
6266;SOL-D;11;6266SOL-D11;;a;Non
6266;SOL-D;12;6266SOL-D12;;b;Non
6266;SOL-D;13;6266SOL-D13;;a;Non
6266;SOL-D;13;6266SOL-D13;;b;Non
6266;SOL-D;14;6266SOL-D14;;a;Non
6266;SOL-D;14;6266SOL-D14;;b;Non
6266;SOL-D;15;6266SOL-D15;;a;Non
6266;SOL-D;19;6266SOL-D19;;a;Non
6266;SOL-D;21;6266SOL-D21;;a;Non
6266;SOL-D;22;6266SOL-D22;;b;Non
6266;SOL-D;23;6266SOL-D23;;a;Non
6266;SOL-D;24;6266SOL-D24;;a;Non
6266;SOL-G;1;6266SOL-G1;;a;Non
6266;SOL-G;1;6266SOL-G1;;b;Non
6266;SOL-G;2;6266SOL-G2;;a;Non
6266;SOL-G;3;6266SOL-G3;;a;Non
6266;SOL-G;4;6266SOL-G4;;a;Non
6266;SOL-G;5;6266SOL-G5;;a;Non
6266;SOL-G;6;6266SOL-G6;;a;Non
6266;SOL-G;7;6266SOL-G7;;a;Non
6266;SOL-G;8;6266SOL-G8;;a;Non
6266;SOL-G;8;6266SOL-G8;;b;Non
6266;SOL-G;9;6266SOL-G9;;a;Non
6266;SOL-G;9;6266SOL-G9;;b;Non
6266;SOL-G;10;6266SOL-G10;;a;Non
6266;SOL-G;11;6266SOL-G11;;a;Non
6266;SOL-G;12;6266SOL-G12;;a;Non
6266;SOL-G;12;6266SOL-G12;;b;Non
6266;SOL-G;13;6266SOL-G13;;a;Non
6266;SOL-G;13;6266SOL-G13;;b;Non
6266;SOL-G;14;6266SOL-G14;;a;Non
6266;SOL-G;14;6266SOL-G14;;b;Non
6266;SOL-G;14;6266SOL-G14;;c;Non
6266;SOL-G;14;6266SOL-G14;;d;Non
6266;SOL-G;15;6266SOL-G15;;a;Non
6266;SOL-G;16;6266SOL-G16;;a;Non
6266;SOL-G;17;6266SOL-G17;;a;Non
6266;SOL-G;18;6266SOL-G18;;a;Non
6266;SOL-G;19;6266SOL-G19;;a;Non
6266;SOL-G;20;6266SOL-G20;;a;Non
6266;SOL-G;21;6266SOL-G21;;a;Non
6266;SOL-G;22;6266SOL-G22;;a;Non
6266;SOL-G;23;6266SOL-G23;;a;Non
6266;SOL-G;23;6266SOL-G23;;b;Non
6266;SOL-G;24;6266SOL-G24;;a;Non
6266;SOL-G;25;6266SOL-G25;;a;Non
6266;SOL-G;26;6266SOL-G26;;a;Non
6266;SOL-G;26;6266SOL-G26;;b;Non
6266;SOL-G;27;6266SOL-G27;;a;Non
6266;SOL-G;28;6266SOL-G28;;a;Non
6266;SOL-G;29;6266SOL-G29;;b;Non
6266;SOL-G;31;6266SOL-G31;;a;Non
6266;SOL-G;31;6266SOL-G31;;b;Non
6266;SOL-G;32;6266SOL-G32;;a;Non
6266;SOL-G;32;6266SOL-G32;;b;Non
6267;SOL-D;1;6267SOL-D1;;a;Non
6267;SOL-D;2;6267SOL-D2;;a;Non
6267;SOL-D;3;6267SOL-D3;;a;Non
6267;SOL-D;4;6267SOL-D4;;a;Non
6267;SOL-D;5;6267SOL-D5;;a;Non
6267;SOL-D;6;6267SOL-D6;;a;Non
6267;SOL-D;6;6267SOL-D6;;b;Non
6267;SOL-D;6;6267SOL-D6;;c;Non
6267;SOL-D;7;6267SOL-D7;;a;Non
6267;SOL-D;7;6267SOL-D7;;b;Non
6267;SOL-D;8;6267SOL-D8;;a;Non
6267;SOL-D;8;6267SOL-D8;;b;Non
6267;SOL-D;9;6267SOL-D9;;a;Non
6267;SOL-D;9;6267SOL-D9;;b;Non
6267;SOL-D;10;6267SOL-D10;;a;Non
6267;SOL-D;11;6267SOL-D11;;a;Non
6267;SOL-D;12;6267SOL-D12;;a;Non
6267;SOL-D;12;6267SOL-D12;;b;Non
6267;SOL-D;13;6267SOL-D13;;a;Non
6267;SOL-D;13;6267SOL-D13;;b;Non
6267;SOL-D;14;6267SOL-D14;;a;Non
6267;SOL-D;15;6267SOL-D15;;a;Non
6267;SOL-D;15;6267SOL-D15;;b;Non
6267;SOL-D;16;6267SOL-D16;;a;Non
6267;SOL-D;17;6267SOL-D17;;a;Non
6267;SOL-D;17;6267SOL-D17;;b;Non
6267;SOL-D;18;6267SOL-D18;;a;Non
6267;SOL-D;18;6267SOL-D18;;b;Non
6267;SOL-D;19;6267SOL-D19;;a;Non
6267;SOL-D;20;6267SOL-D20;;a;Non
6267;SOL-D;20;6267SOL-D20;;b;Non
6267;SOL-D;21;6267SOL-D21;;a;Non
6267;SOL-D;21;6267SOL-D21;;b;Non
6267;SOL-G;1;6267SOL-G1;;a;Non
6267;SOL-G;2;6267SOL-G2;;a;Non
6267;SOL-G;3;6267SOL-G3;;a;Non
6267;SOL-G;4;6267SOL-G4;;a;Non
6267;SOL-G;4;6267SOL-G4;;b;Non
6267;SOL-G;6;6267SOL-G6;;a;Non
6267;SOL-G;7;6267SOL-G7;;a;Non
6267;SOL-G;8;6267SOL-G8;;a;Non
6267;SOL-G;8;6267SOL-G8;;b;Non
6267;SOL-G;9;6267SOL-G9;;a;Non
6267;SOL-G;9;6267SOL-G9;;b;Non
6267;SOL-G;10;6267SOL-G10;;a;Non
6267;SOL-G;10;6267SOL-G10;;b;Non
6267;SOL-G;11;6267SOL-G11;;a;Non
6267;SOL-G;12;6267SOL-G12;;a;Non
6267;SOL-G;12;6267SOL-G12;;b;Non
6267;SOL-G;13;6267SOL-G13;;a;Non
6267;SOL-G;14;6267SOL-G14;;a;Non
6267;SOL-G;15;6267SOL-G15;;a;Non
6267;SOL-G;16;6267SOL-G16;;a;Non
6267;SOL-G;16;6267SOL-G16;;b;Non
6267;SOL-G;17;6267SOL-G17;;a;Non
6267;SOL-G;18;6267SOL-G18;;a;Non
6267;SOL-G;19;6267SOL-G19;;a;Non
6267;SOL-G;19;6267SOL-G19;;b;Non
6268;SOL-D;1;6268SOL-D1;;a;Non
6268;SOL-D;2;6268SOL-D2;;a;Non
6268;SOL-D;3;6268SOL-D3;;a;Non
6268;SOL-D;4;6268SOL-D4;;b;Non
6268;SOL-D;5;6268SOL-D5;;a;Non
6268;SOL-D;6;6268SOL-D6;;a;Non
6268;SOL-D;7;6268SOL-D7;;a;Non
6268;SOL-D;8;6268SOL-D8;;a;Non
6268;SOL-D;8;6268SOL-D8;;b;Non
6268;SOL-D;9;6268SOL-D9;;a;Non
6268;SOL-D;10;6268SOL-D10;;a;Non
6268;SOL-D;11;6268SOL-D11;;a;Non
6268;SOL-D;12;6268SOL-D12;;a;Non
6268;SOL-D;13;6268SOL-D13;;a;Non
6268;SOL-D;13;6268SOL-D13;;b;Non
6268;SOL-D;14;6268SOL-D14;;a;Non
6268;SOL-D;15;6268SOL-D15;;a;Non
6268;SOL-D;15;6268SOL-D15;;b;Non
6268;SOL-D;16;6268SOL-D16;;a;Non
6268;SOL-D;16;6268SOL-D16;;b;Non
6268;SOL-D;17;6268SOL-D17;;a;Non
6268;SOL-D;17;6268SOL-D17;;b;Non
6268;SOL-D;18;6268SOL-D18;;a;Non
6268;SOL-D;18;6268SOL-D18;;b;Non
6268;SOL-D;19;6268SOL-D19;;a;Non
6268;SOL-D;19;6268SOL-D19;;b;Non
6268;SOL-D;20;6268SOL-D20;;a;Non
6268;SOL-D;20;6268SOL-D20;;b;Non
6268;SOL-D;20;6268SOL-D20;;c;Non
6268;SOL-D;21;6268SOL-D21;;a;Non
6268;SOL-D;22;6268SOL-D22;;a;Non
6268;SOL-D;23;6268SOL-D23;;a;Non
6268;SOL-D;24;6268SOL-D24;;a;Non
6268;SOL-D;25;6268SOL-D25;;a;Non
6268;SOL-D;26;6268SOL-D26;;a;Non
6268;SOL-G;1;6268SOL-G1;;a;Non
6268;SOL-G;2;6268SOL-G2;;a;Non
6268;SOL-G;3;6268SOL-G3;;a;Non
6268;SOL-G;3;6268SOL-G3;;b;Non
6268;SOL-G;4;6268SOL-G4;;a;Non
6268;SOL-G;4;6268SOL-G4;;b;Non
6268;SOL-G;5;6268SOL-G5;;a;Non
6268;SOL-G;5;6268SOL-G5;;b;Non
6268;SOL-G;5;6268SOL-G5;;c;Non
6268;SOL-G;6;6268SOL-G6;;a;Non
6268;SOL-G;7;6268SOL-G7;;a;Non
6268;SOL-G;8;6268SOL-G8;;a;Non
6268;SOL-G;9;6268SOL-G9;;a;Non
6268;SOL-G;10;6268SOL-G10;;a;Non
6268;SOL-G;11;6268SOL-G11;;a;Non
6268;SOL-G;12;6268SOL-G12;;a;Non
6268;SOL-G;13;6268SOL-G13;;a;Non
6268;SOL-G;14;6268SOL-G14;;a;Non
6268;SOL-G;15;6268SOL-G15;;a;Non
6268;SOL-G;16;6268SOL-G16;;a;Non
6268;SOL-G;17;6268SOL-G17;;a;Non
6268;SOL-G;18;6268SOL-G18;;a;Non
6268;SOL-G;19;6268SOL-G19;;a;Non
6268;SOL-G;19;6268SOL-G19;;b;Non
6268;SOL-G;19;6268SOL-G19;;c;Non
6268;SOL-G;20;6268SOL-G20;;a;Non
6268;SOL-G;21;6268SOL-G21;;a;Non
6268;SOL-G;23;6268SOL-G23;;a;Non
6268;SOL-G;21;6268SOL-G21;;b;Non
6269;SOL-D;4;6269SOL-D4;;a;Non
6269;SOL-D;1;6269SOL-D1;;a;Non
6269;SOL-D;3;6269SOL-D3;;a;Non
6269;SOL-D;2;6269SOL-D2;;a;Non
6269;SOL-G;1;6269SOL-G1;;a;Non
6269;SOL-G;2;6269SOL-G2;;a;Non
6269;SOL-G;3;6269SOL-G3;;a;Non
6269;SOL-G;4;6269SOL-G4;;a;Non
6269;SOL-G;5;6269SOL-G5;;a;Non
6269;SOL-G;6;6269SOL-G6;;a;Non
6269;SOL-G;6;6269SOL-G6;;b;Non
6269;SOL-G;7;6269SOL-G7;;a;Non
6269;SOL-G;8;6269SOL-G8;;a;Non
6269;SOL-G;9;6269SOL-G9;;a;Non
6269;SOL-G;10;6269SOL-G10;;a;Non
6269;SOL-G;11;6269SOL-G11;;a;Non
6269;SOL-G;12;6269SOL-G12;;a;Non
6269;SOL-G;13;6269SOL-G13;;a;Non
6269;SOL-G;14;6269SOL-G14;;a;Non
6269;SOL-G;15;6269SOL-G15;;a;Non
6269;SOL-G;16;6269SOL-G16;;a;Non
6269;SOL-G;17;6269SOL-G17;;a;Non
6269;SOL-G;18;6269SOL-G18;;a;Non
6269;SOL-G;19;6269SOL-G19;;a;Non
6269;SOL-G;20;6269SOL-G20;;a;Non
6269;SOL-G;21;6269SOL-G21;;a;Non
6283;SOL-D;1;6283SOL-D1;;a;Non
6283;SOL-D;2;6283SOL-D2;;a;Non
6283;SOL-D;3;6283SOL-D3;;a;Non
6283;SOL-D;4;6283SOL-D4;;a;Non
6283;SOL-D;4;6283SOL-D4;;b;Non
6283;SOL-D;4;6283SOL-D4;;c;Non
6283;SOL-D;5;6283SOL-D5;;a;Non
6283;SOL-D;5;6283SOL-D5;;b;Non
6283;SOL-D;6;6283SOL-D6;;a;Non
6283;SOL-D;7;6283SOL-D7;;a;Non
6283;SOL-D;8;6283SOL-D8;;a;Non
6283;SOL-D;8;6283SOL-D8;;b;Non
6283;SOL-D;8;6283SOL-D8;;c;Non
6283;SOL-D;9;6283SOL-D9;;a;Non
6283;SOL-D;10;6283SOL-D10;;a;Non
6283;SOL-D;11;6283SOL-D11;;a;Non
6283;SOL-D;12;6283SOL-D12;;a;Non
6283;SOL-D;13;6283SOL-D13;;a;Non
6283;SOL-D;14;6283SOL-D14;;a;Non
6283;SOL-D;15;6283SOL-D15;;a;Non
6283;SOL-D;15;6283SOL-D15;;b;Non
6283;SOL-D;15;6283SOL-D15;;c;Non
6283;SOL-D;15;6283SOL-D15;;d;Non
6283;SOL-D;15;6283SOL-D15;;e;Non
6283;SOL-D;16;6283SOL-D16;;a;Non
6283;SOL-D;17;6283SOL-D17;;a;Non
6283;SOL-D;17;6283SOL-D17;;b;Non
6283;SOL-D;18;6283SOL-D18;;b;Non
6283;SOL-D;18;6283SOL-D18;;c;Non
6283;SOL-D;19;6283SOL-D19;;a;Non
6283;SOL-D;20;6283SOL-D20;;a;Non
6283;SOL-D;21;6283SOL-D21;;a;Non
6283;SOL-G;1;6283SOL-G1;;a;Non
6283;SOL-G;1;6283SOL-G1;;b;Non
6283;SOL-G;2;6283SOL-G2;;a;Non
6283;SOL-G;3;6283SOL-G3;;a;Non
6283;SOL-G;3;6283SOL-G3;;b;Non
6283;SOL-G;4;6283SOL-G4;;a;Non
6283;SOL-G;4;6283SOL-G4;;b;Non
6283;SOL-G;5;6283SOL-G5;;a;Non
6283;SOL-G;6;6283SOL-G6;;a;Non
6283;SOL-G;9;6283SOL-G9;;a;Non
6283;SOL-G;10;6283SOL-G10;;a;Non
6283;SOL-G;10;6283SOL-G10;;b;Non
6283;SOL-G;11;6283SOL-G11;;a;Non
6283;SOL-G;12;6283SOL-G12;;a;Non
6283;SOL-G;12;6283SOL-G12;;b;Non
6283;SOL-G;12;6283SOL-G12;;c;Non
6283;SOL-G;12;6283SOL-G12;;d;Non
6283;SOL-G;13;6283SOL-G13;;a;Non
6283;SOL-G;14;6283SOL-G14;;a;Non
6283;SOL-G;14;6283SOL-G14;;b;Non
6283;SOL-G;16;6283SOL-G16;;a;Non
6283;SOL-G;17;6283SOL-G17;;a;Non
6283;SOL-G;18;6283SOL-G18;;b;Non
6283;SOL-G;19;6283SOL-G19;;a;Non
6283;SOL-G;20;6283SOL-G20;;a;Non
6283;SOL-G;21;6283SOL-G21;;a;Non
6284;SOL-D;1;6284SOL-D1;;a;Non
6284;SOL-D;1;6284SOL-D1;;b;Non
6284;SOL-D;2;6284SOL-D2;;a;Non
6284;SOL-D;3;6284SOL-D3;;a;Non
6284;SOL-D;4;6284SOL-D4;;a;Non
6284;SOL-D;4;6284SOL-D4;;b;Non
6284;SOL-D;5;6284SOL-D5;;a;Non
6284;SOL-D;6;6284SOL-D6;;a;Non
6284;SOL-D;7;6284SOL-D7;;a;Non
6284;SOL-D;8;6284SOL-D8;;a;Non
6284;SOL-D;8;6284SOL-D8;;b;Non
6284;SOL-D;8;6284SOL-D8;;c;Non
6284;SOL-D;9;6284SOL-D9;;a;Non
6284;SOL-D;10;6284SOL-D10;;a;Non
6284;SOL-D;11;6284SOL-D11;;a;Non
6284;SOL-D;12;6284SOL-D12;;a;Non
6284;SOL-D;13;6284SOL-D13;;a;Non
6284;SOL-D;13;6284SOL-D13;;b;Non
6284;SOL-D;15;6284SOL-D15;;a;Non
6284;SOL-D;16;6284SOL-D16;;a;Non
6284;SOL-D;17;6284SOL-D17;;a;Non
6284;SOL-D;18;6284SOL-D18;;a;Non
6284;SOL-D;18;6284SOL-D18;;b;Non
6284;SOL-D;19;6284SOL-D19;;a;Non
6284;SOL-D;19;6284SOL-D19;;b;Non
6284;SOL-D;20;6284SOL-D20;;a;Non
6284;SOL-D;21;6284SOL-D21;;a;Non
6284;SOL-D;22;6284SOL-D22;;a;Non
6284;SOL-D;22;6284SOL-D22;;b;Non
6284;SOL-D;23;6284SOL-D23;;b;Non
6284;SOL-D;24;6284SOL-D24;;a;Non
6284;SOL-D;25;6284SOL-D25;;a;Non
6284;SOL-G;1;6284SOL-G1;;a;Non
6284;SOL-G;1;6284SOL-G1;;b;Non
6284;SOL-G;2;6284SOL-G2;;a;Non
6284;SOL-G;3;6284SOL-G3;;a;Non
6284;SOL-G;5;6284SOL-G5;;a;Non
6284;SOL-G;6;6284SOL-G6;;a;Non
6284;SOL-G;7;6284SOL-G7;;a;Non
6284;SOL-G;8;6284SOL-G8;;a;Non
6284;SOL-G;9;6284SOL-G9;;a;Non
6284;SOL-G;9;6284SOL-G9;;b;Non
6284;SOL-G;10;6284SOL-G10;;a;Non
6284;SOL-G;13;6284SOL-G13;;a;Non
6284;SOL-G;13;6284SOL-G13;;b;Non
6284;SOL-G;12;6284SOL-G12;;a;Non
6284;SOL-G;14;6284SOL-G14;;a;Non
6284;SOL-G;15;6284SOL-G15;;a;Non
6284;SOL-G;15;6284SOL-G15;;b;Non
6284;SOL-G;16;6284SOL-G16;;b;Non
6284;SOL-G;17;6284SOL-G17;;a;Non
6284;SOL-G;18;6284SOL-G18;;a;Non
6284;SOL-G;18;6284SOL-G18;;b;Non
6285;SOL-D;1;6285SOL-D1;;a;Non
6285;SOL-D;2;6285SOL-D2;;a;Non
6285;SOL-D;3;6285SOL-D3;;a;Non
6285;SOL-D;4;6285SOL-D4;;a;Non
6285;SOL-D;5;6285SOL-D5;;a;Non
6285;SOL-D;6;6285SOL-D6;;a;Non
6285;SOL-D;7;6285SOL-D7;;a;Non
6285;SOL-D;8;6285SOL-D8;;a;Non
6285;SOL-D;9;6285SOL-D9;;a;Non
6285;SOL-D;9;6285SOL-D9;;b;Non
6285;SOL-D;10;6285SOL-D10;;a;Non
6285;SOL-D;11;6285SOL-D11;;a;Non
6285;SOL-D;12;6285SOL-D12;;a;Non
6285;SOL-D;12;6285SOL-D12;;b;Non
6285;SOL-D;13;6285SOL-D13;;a;Non
6285;SOL-D;14;6285SOL-D14;;a;Non
6285;SOL-D;15;6285SOL-D15;;a;Non
6285;SOL-D;16;6285SOL-D16;;a;Non
6285;SOL-D;16;6285SOL-D16;;b;Non
6285;SOL-D;17;6285SOL-D17;;a;Non
6285;SOL-D;17;6285SOL-D17;;b;Non
6285;SOL-D;18;6285SOL-D18;;a;Non
6285;SOL-D;19;6285SOL-D19;;a;Non
6285;SOL-D;20;6285SOL-D20;;a;Non
6285;SOL-D;21;6285SOL-D21;;a;Non
6285;SOL-D;22;6285SOL-D22;;a;Non
6285;SOL-D;23;6285SOL-D23;;a;Non
6285;SOL-D;24;6285SOL-D24;;a;Non
6285;SOL-D;24;6285SOL-D24;;b;Non
6285;SOL-G;1;6285SOL-G1;;a;Non
6285;SOL-G;2;6285SOL-G2;;a;Non
6285;SOL-G;3;6285SOL-G3;;a;Non
6285;SOL-G;4;6285SOL-G4;;a;Non
6285;SOL-G;5;6285SOL-G5;;a;Non
6285;SOL-G;6;6285SOL-G6;;a;Non
6285;SOL-G;7;6285SOL-G7;;a;Non
6285;SOL-G;8;6285SOL-G8;;a;Non
6285;SOL-G;9;6285SOL-G9;;a;Non
6285;SOL-G;9;6285SOL-G9;;b;Non
6285;SOL-G;10;6285SOL-G10;;a;Non
6285;SOL-G;11;6285SOL-G11;;a;Non
6285;SOL-G;11;6285SOL-G11;;b;Non
6285;SOL-G;12;6285SOL-G12;;a;Non
6285;SOL-G;13;6285SOL-G13;;a;Non
6285;SOL-G;13;6285SOL-G13;;b;Non
6285;SOL-G;13;6285SOL-G13;;c;Non
6285;SOL-G;14;6285SOL-G14;;a;Non
6285;SOL-G;15;6285SOL-G15;;a;Non
6285;SOL-G;16;6285SOL-G16;;a;Non
6285;SOL-G;16;6285SOL-G16;;b;Non
6285;SOL-G;16;6285SOL-G16;;c;Non
6285;SOL-G;17;6285SOL-G17;;a;Non
6285;SOL-G;18;6285SOL-G18;;a;Non
6285;SOL-G;19;6285SOL-G19;;a;Non
6285;SOL-G;20;6285SOL-G20;;a;Non
6285;SOL-G;21;6285SOL-G21;;a;Non
6285;SOL-G;22;6285SOL-G22;;a;Non
6285;SOL-G;23;6285SOL-G23;;a;Non
6285;SOL-G;24;6285SOL-G24;;a;Non
6285;SOL-G;25;6285SOL-G25;;a;Non
6414;EDL-G;1;6414EDL-G1;;a;Non
6414;EDL-G;2;6414EDL-G2;;a;Non
6414;EDL-G;3;6414EDL-G3;;b;Non
6414;EDL-G;3;6414EDL-G3;;c;Non
6414;EDL-G;4;6414EDL-G4;;a;Non
6414;EDL-G;5;6414EDL-G5;;a;Non
6414;EDL-G;6;6414EDL-G6;;a;Non
6414;EDL-G;6;6414EDL-G6;;b;Non
6414;EDL-G;7;6414EDL-G7;;a;Non
6414;EDL-G;8;6414EDL-G8;;a;Non
6414;EDL-G;9;6414EDL-G9;;a;Non
6414;EDL-G;10;6414EDL-G10;;a;Non
6414;EDL-G;11;6414EDL-G11;;b;Non
6414;EDL-G;13;6414EDL-G13;;a;Non
6414;EDL-G;15;6414EDL-G15;;a;Non
6414;EDL-G;16;6414EDL-G16;;a;Non
6414;EDL-G;19;6414EDL-G19;;a;Non
6414;EDL-G;20;6414EDL-G20;;a;Non
6416;EDL-G;1;6416EDL-G1;;a;Non
6416;EDL-G;1;6416EDL-G1;;b;Non
6416;EDL-G;2;6416EDL-G2;;a;Non
6416;EDL-G;3;6416EDL-G3;;a;Non
6416;EDL-G;4;6416EDL-G4;;a;Non
6416;EDL-G;4;6416EDL-G4;;b;Non
6416;EDL-G;4;6416EDL-G4;;c;Non
6416;EDL-G;5;6416EDL-G5;;a;Non
6416;EDL-G;5;6416EDL-G5;;b;Non
6416;EDL-G;5;6416EDL-G5;;c;Non
6416;EDL-G;6;6416EDL-G6;;a;Non
6416;EDL-G;6;6416EDL-G6;;b;Non
6416;EDL-G;7;6416EDL-G7;;a;Non
6416;EDL-G;8;6416EDL-G8;;a;Non
6416;EDL-G;9;6416EDL-G9;;a;Non
6416;EDL-G;10;6416EDL-G10;;a;Non
6416;EDL-G;11;6416EDL-G11;;a;Non
6416;EDL-G;12;6416EDL-G12;;a;Non
6416;EDL-G;13;6416EDL-G13;;a;Non
6416;EDL-G;14;6416EDL-G14;;a;Non
6416;EDL-G;15;6416EDL-G15;;a;Non
6416;EDL-G;15;6416EDL-G15;;b;Non
6416;EDL-G;16;6416EDL-G16;;a;Non
6418;EDL-G;1;6418EDL-G1;;a;Non
6418;EDL-G;7;6418EDL-G7;;c;Non
6418;EDL-G;8;6418EDL-G8;;a;Non
6418;EDL-G;9;6418EDL-G9;;a;Non
6418;EDL-G;10;6418EDL-G10;;a;Non
6418;EDL-G;10;6418EDL-G10;;b;Non
6434;EDL-D;2;6434EDL-D2;;a;Non
6434;EDL-D;3;6434EDL-D3;;a;Non
6434;EDL-D;3;6434EDL-D3;;b;Non
6434;EDL-D;3;6434EDL-D3;;c;Non
6434;EDL-D;5;6434EDL-D5;;a;Non
6434;EDL-D;6;6434EDL-D6;;a;Non
6434;EDL-D;7;6434EDL-D7;;a;Non
6434;EDL-D;8;6434EDL-D8;;a;Non
6434;EDL-D;9;6434EDL-D9;;a;Non
6434;EDL-D;9;6434EDL-D9;;b;Non
6434;EDL-D;10;6434EDL-D10;;a;Non
6434;EDL-D;11;6434EDL-D11;;a;Non
6434;EDL-D;12;6434EDL-D12;;a;Non
6434;EDL-D;13;6434EDL-D13;;a;Non
6434;EDL-D;14;6434EDL-D14;;a;Non
6434;EDL-D;15;6434EDL-D15;;a;Non
6434;EDL-D;16;6434EDL-D16;;a;Non
6434;EDL-D;16;6434EDL-D16;;b;Non
6434;EDL-D;17;6434EDL-D17;;a;Non
6435;EDL-D;1;6435EDL-D1;;a;Non
6435;EDL-D;1;6435EDL-D1;;b;Non
6435;EDL-D;2;6435EDL-D2;;a;Non
6435;EDL-D;4;6435EDL-D4;;a;Non
6435;EDL-D;4;6435EDL-D4;;b;Non
6435;EDL-D;4;6435EDL-D4;;c;Non
6435;EDL-D;5;6435EDL-D5;;a;Non
6435;EDL-D;7;6435EDL-D7;;a;Non
6435;EDL-D;8;6435EDL-D8;;a;Non
6435;EDL-D;11;6435EDL-D11;;a;Non
6435;EDL-D;12;6435EDL-D12;;a;Non
6435;EDL-D;12;6435EDL-D12;;b;Non
6435;EDL-D;12;6435EDL-D12;;c;Non
6435;EDL-D;13;6435EDL-D13;;a;Non
6435;EDL-D;13;6435EDL-D13;;b;Non
6435;EDL-D;14;6435EDL-D14;;a;Non
6435;EDL-D;14;6435EDL-D14;;b;Non
6435;EDL-D;14;6435EDL-D14;;c;Non
6435;EDL-D;15;6435EDL-D15;;a;Non
6435;EDL-D;16;6435EDL-D16;;a;Non
6435;EDL-D;17;6435EDL-D17;;a;Non
7726;EDL-G;1;7726EDL-G1;;a;Non
7726;EDL-G;2;7726EDL-G2;;b;Non
7726;EDL-G;2;7726EDL-G2;;c;Non
7726;EDL-G;3;7726EDL-G3;;b;Non
7726;EDL-G;3;7726EDL-G3;;c;Non
7726;EDL-G;4;7726EDL-G4;;a;Non
7726;EDL-G;5;7726EDL-G5;;a;Non
7726;EDL-G;6;7726EDL-G6;;a;Non
7726;EDL-G;7;7726EDL-G7;;a;Non
7726;EDL-G;8;7726EDL-G8;;b;Non
7726;EDL-G;9;7726EDL-G9;;a;Non
7726;EDL-G;10;7726EDL-G10;;a;Non
7726;EDL-G;11;7726EDL-G11;;a;Non
7726;EDL-G;11;7726EDL-G11;;b;Non
7726;EDL-G;11;7726EDL-G11;;c;Non
7726;EDL-G;12;7726EDL-G12;;a;Non
7726;EDL-G;13;7726EDL-G13;;a;Non
7726;EDL-G;14;7726EDL-G14;;a;Non
7726;EDL-G;14;7726EDL-G14;;b;Non
7726;EDL-G;15;7726EDL-G15;;a;Non
7726;EDL-G;15;7726EDL-G15;;b;Non
7726;EDL-G;16;7726EDL-G16;;a;Non
7726;EDL-G;16;7726EDL-G16;;b;Non
7726;EDL-G;16;7726EDL-G16;;c;Non
7736;EDL-G;4;7736EDL-G4;;a;Non
7736;EDL-G;8;7736EDL-G8;;a;Non
7736;EDL-G;8;7736EDL-G8;;b;Non
7736;EDL-G;9;7736EDL-G9;;a;Non
7736;EDL-G;9;7736EDL-G9;;b;Non
7736;EDL-G;9;7736EDL-G9;;c;Non
7738;EDL-D;3;7738EDL-D3;;a;Non
7738;EDL-D;4;7738EDL-D4;;b;Non
7738;EDL-D;11;7738EDL-D11;;a;Non
7738;EDL-D;11;7738EDL-D11;;b;Non
7745;EDL-G;1;7745EDL-G1;;a;Non
7745;EDL-G;2;7745EDL-G2;;a;Non
7745;EDL-G;3;7745EDL-G3;;a;Non
7745;EDL-G;4;7745EDL-G4;;a;Non
7745;EDL-G;5;7745EDL-G5;;a;Non
7745;EDL-G;5;7745EDL-G5;;b;Non
7745;EDL-G;6;7745EDL-G6;;a;Non
7745;EDL-G;7;7745EDL-G7;;a;Non
7745;EDL-G;8;7745EDL-G8;;a;Non
7745;EDL-G;9;7745EDL-G9;;a;Non
7745;EDL-G;9;7745EDL-G9;;b;Non
7745;EDL-G;10;7745EDL-G10;;a;Non
7745;EDL-G;11;7745EDL-G11;;a;Non
7745;EDL-G;11;7745EDL-G11;;b;Non
7745;EDL-G;12;7745EDL-G12;;a;Non
7745;EDL-G;12;7745EDL-G12;;b;Non
7745;EDL-G;13;7745EDL-G13;;a;Non
7745;EDL-G;14;7745EDL-G14;;a;Non
7745;EDL-G;15;7745EDL-G15;;a;Non
7745;EDL-G;15;7745EDL-G15;;b;Non
7745;EDL-G;16;7745EDL-G16;;a;Non
7745;EDL-G;17;7745EDL-G17;;a;Non
7753;EDL-G;9;7753EDL-G9;;a;Non
7753;EDL-G;12;7753EDL-G12;;a;Non
7753;EDL-G;12;7753EDL-G12;;c;Non
7753;EDL-G;17;7753EDL-G17;;a;Non
7753;EDL-G;17;7753EDL-G17;;b;Non
7754;EDL-G;1;7754EDL-G1;;a;Non
7754;EDL-G;2;7754EDL-G2;;a;Non
7754;EDL-G;2;7754EDL-G2;;b;Non
7754;EDL-G;2;7754EDL-G2;;c;Non
7754;EDL-G;2;7754EDL-G2;;d;Non
7754;EDL-G;4;7754EDL-G4;;a;Non
7754;EDL-G;5;7754EDL-G5;;a;Non
7754;EDL-G;6;7754EDL-G6;;a;Non
7754;EDL-G;7;7754EDL-G7;;a;Non
7754;EDL-G;8;7754EDL-G8;;a;Non
7754;EDL-G;9;7754EDL-G9;;a;Non
7754;EDL-G;9;7754EDL-G9;;b;Non
7754;EDL-G;9;7754EDL-G9;;c;Non
7754;EDL-G;10;7754EDL-G10;;a;Non
7754;EDL-G;11;7754EDL-G11;;a;Non
7754;EDL-G;12;7754EDL-G12;;a;Non
7754;EDL-G;13;7754EDL-G13;;a;Non
7754;EDL-G;16;7754EDL-G16;;b;Non
7754;EDL-G;17;7754EDL-G17;;b;Non
7754;EDL-G;18;7754EDL-G18;;a;Non
7771;EDL-D;3;7771EDL-D3;;b;Non
7789;EDL-G;1;7789EDL-G1;;a;Non
7789;EDL-G;1;7789EDL-G1;;b;Non
7789;EDL-G;2;7789EDL-G2;;a;Non
7789;EDL-G;9;7789EDL-G9;;a;Non
7789;EDL-G;9;7789EDL-G9;;b;Non
7789;EDL-G;8;7789EDL-G8;;a;Non
7789;EDL-G;8;7789EDL-G8;;b;Non
7789;EDL-G;7;7789EDL-G7;;a;Non
7789;EDL-G;6;7789EDL-G6;;a;Non
7789;EDL-G;5;7789EDL-G5;;a;Non
7789;EDL-G;5;7789EDL-G5;;b;Non
7789;EDL-G;5;7789EDL-G5;;c;Non
7789;EDL-G;4;7789EDL-G4;;a;Non
7789;EDL-G;3;7789EDL-G3;;a;Non
7789;EDL-G;14;7789EDL-G14;;a;Non
7789;EDL-G;14;7789EDL-G14;;b;Non
7789;EDL-G;13;7789EDL-G13;;a;Non
7789;EDL-G;12;7789EDL-G12;;a;Non
7789;EDL-G;12;7789EDL-G12;;b;Non
7789;EDL-G;11;7789EDL-G11;;a;Non
7789;EDL-G;10;7789EDL-G10;;a;Non
7789;EDL-G;10;7789EDL-G10;;b;Non
7789;EDL-G;15;7789EDL-G15;;a;Non
7789;EDL-G;15;7789EDL-G15;;b;Non
7789;EDL-G;20;7789EDL-G20;;a;Non
7789;EDL-G;20;7789EDL-G20;;b;Non
7789;EDL-G;19;7789EDL-G19;;a;Non
7789;EDL-G;19;7789EDL-G19;;c;Non
7789;EDL-G;18;7789EDL-G18;;a;Non
7789;EDL-G;18;7789EDL-G18;;b;Non
7789;EDL-G;17;7789EDL-G17;;a;Non
7789;EDL-G;16;7789EDL-G16;;a;Non
7789;EDL-G;16;7789EDL-G16;;b;Non
7789;EDL-G;16;7789EDL-G16;;c;Non
7903;EDL-G;1;7903EDL-G1;;a;Non
7903;EDL-G;1;7903EDL-G1;;b;Non
7903;EDL-G;2;7903EDL-G2;;a;Non
7903;EDL-G;3;7903EDL-G3;;a;Non
7903;EDL-G;3;7903EDL-G3;;b;Non
7903;EDL-G;4;7903EDL-G4;;a;Non
7903;EDL-G;5;7903EDL-G5;;a;Non
7903;EDL-G;6;7903EDL-G6;;a;Non
7903;EDL-G;7;7903EDL-G7;;a;Non
7903;EDL-G;7;7903EDL-G7;;b;Non
7903;EDL-G;8;7903EDL-G8;;a;Non
7903;EDL-G;9;7903EDL-G9;;a;Non
7903;EDL-G;9;7903EDL-G9;;b;Non
7903;EDL-G;10;7903EDL-G10;;a;Non
7903;EDL-G;11;7903EDL-G11;;a;Non
7903;EDL-G;11;7903EDL-G11;;b;Non
7903;EDL-G;12;7903EDL-G12;;a;Non
7903;EDL-G;12;7903EDL-G12;;b;Non
7903;EDL-G;13;7903EDL-G13;;a;Non
7903;EDL-G;14;7903EDL-G14;;a;Non
7903;EDL-G;14;7903EDL-G14;;b;Non
7903;EDL-G;14;7903EDL-G14;;c;Non
7903;EDL-G;15;7903EDL-G15;;a;Non
7903;EDL-G;15;7903EDL-G15;;b;Non
7903;EDL-G;15;7903EDL-G15;;c;Non
7924;EDL-G;1;7924EDL-G1;;a;Non
7924;EDL-G;2;7924EDL-G2;;a;Non
7924;EDL-G;2;7924EDL-G2;;b;Non
7924;EDL-G;3;7924EDL-G3;;a;Non
7924;EDL-G;4;7924EDL-G4;;a;Non
7924;EDL-G;5;7924EDL-G5;;a;Non
7924;EDL-G;5;7924EDL-G5;;b;Non
7924;EDL-G;6;7924EDL-G6;;a;Non
7924;EDL-G;6;7924EDL-G6;;b;Non
7924;EDL-G;7;7924EDL-G7;;a;Non
7924;EDL-G;8;7924EDL-G8;;a;Non
7924;EDL-G;9;7924EDL-G9;;a;Non
7924;EDL-G;9;7924EDL-G9;;b;Non
7924;EDL-G;11;7924EDL-G11;;a;Non
7924;EDL-G;12;7924EDL-G12;;a;Non
7924;EDL-G;13;7924EDL-G13;;a;Non
7924;EDL-G;13;7924EDL-G13;;b;Non
7924;EDL-G;14;7924EDL-G14;;a;Non
7924;EDL-G;15;7924EDL-G15;;a;Non
7924;EDL-G;15;7924EDL-G15;;b;Non
7924;EDL-G;16;7924EDL-G16;;a;Non
7924;EDL-G;17;7924EDL-G17;;a;Non
7927;SOL-D;1;7927SOL-D1;;a;Non
7927;SOL-D;1;7927SOL-D1;;b;Non
7927;SOL-D;1;7927SOL-D1;;c;Non
7927;SOL-D;2;7927SOL-D2;;a;Non
7927;SOL-D;2;7927SOL-D2;;b;Non
7927;SOL-D;3;7927SOL-D3;;a;Non
7927;SOL-D;3;7927SOL-D3;;b;Non
7927;SOL-D;4;7927SOL-D4;;a;Non
7927;SOL-D;5;7927SOL-D5;;a;Non
7927;SOL-D;5;7927SOL-D5;;b;Non
7927;SOL-D;6;7927SOL-D6;;a;Non
7927;SOL-D;6;7927SOL-D6;;b;Non
7927;SOL-D;6;7927SOL-D6;;c;Non
7927;SOL-D;7;7927SOL-D7;;a;Non
7927;SOL-D;7;7927SOL-D7;;b;Non
7927;SOL-D;8;7927SOL-D8;;a;Non
7927;SOL-D;9;7927SOL-D9;;a;Non
7927;SOL-D;10;7927SOL-D10;;a;Non
7927;SOL-D;11;7927SOL-D11;;a;Non
7927;SOL-D;12;7927SOL-D12;;a;Non
7927;SOL-D;12;7927SOL-D12;;b;Non
7927;SOL-D;12;7927SOL-D12;;c;Non
7927;SOL-D;13;7927SOL-D13;;a;Non
7927;SOL-D;13;7927SOL-D13;;b;Non
7927;SOL-D;14;7927SOL-D14;;a;Non
7927;SOL-D;15;7927SOL-D15;;a;Non
7927;SOL-D;16;7927SOL-D16;;a;Non
7927;SOL-D;16;7927SOL-D16;;b;Non
7927;SOL-D;17;7927SOL-D17;;a;Non
7927;SOL-D;18;7927SOL-D18;;a;Non
7927;SOL-D;18;7927SOL-D18;;b;Non
7927;SOL-D;19;7927SOL-D19;;a;Non
7927;SOL-D;19;7927SOL-D19;;b;Non
7927;SOL-D;20;7927SOL-D20;;a;Non
7927;SOL-D;21;7927SOL-D21;;a;Non
7927;SOL-D;21;7927SOL-D21;;b;Non
7927;SOL-D;22;7927SOL-D22;;a;Non
7927;SOL-D;23;7927SOL-D23;;a;Non
7927;SOL-D;23;7927SOL-D23;;b;Non
7927;SOL-D;24;7927SOL-D24;;a;Non
7927;SOL-G;1;7927SOL-G1;;a;Non
7927;SOL-G;2;7927SOL-G2;;a;Non
7927;SOL-G;3;7927SOL-G3;;a;Non
7927;SOL-G;4;7927SOL-G4;;a;Non
7927;SOL-G;5;7927SOL-G5;;b;Non
7927;SOL-G;6;7927SOL-G6;;a;Non
7927;SOL-G;6;7927SOL-G6;;b;Non
7927;SOL-G;7;7927SOL-G7;;a;Non
7927;SOL-G;8;7927SOL-G8;;a;Non
7927;SOL-G;8;7927SOL-G8;;b;Non
7927;SOL-G;9;7927SOL-G9;;a;Non
7927;SOL-G;10;7927SOL-G10;;a;Non
7927;SOL-G;10;7927SOL-G10;;b;Non
7927;SOL-G;12;7927SOL-G12;;a;Non
7927;SOL-G;13;7927SOL-G13;;a;Non
7927;SOL-G;14;7927SOL-G14;;a;Non
7927;SOL-G;15;7927SOL-G15;;a;Non
7927;SOL-G;15;7927SOL-G15;;b;Non
7927;SOL-G;16;7927SOL-G16;;a;Non
7927;SOL-G;17;7927SOL-G17;;a;Non
7927;SOL-G;17;7927SOL-G17;;b;Non
7927;SOL-G;18;7927SOL-G18;;a;Non
7927;SOL-G;19;7927SOL-G19;;a;Non
7927;SOL-G;19;7927SOL-G19;;b;Non
7927;SOL-G;20;7927SOL-G20;;a;Non
7927;SOL-G;21;7927SOL-G21;;a;Non
7927;SOL-G;22;7927SOL-G22;;a;Non
7927;SOL-G;22;7927SOL-G22;;b;Non
7927;SOL-G;23;7927SOL-G23;;a;Non
7927;SOL-G;24;7927SOL-G24;;a;Non
7927;SOL-G;25;7927SOL-G25;;a;Non
7927;SOL-G;26;7927SOL-G26;;a;Non
7927;SOL-G;27;7927SOL-G27;;a;Non
7927;SOL-G;28;7927SOL-G28;;a;Non
7927;SOL-G;28;7927SOL-G28;;b;Non
7928;SOL-D;1;7928SOL-D1;;a;Non
7928;SOL-D;3;7928SOL-D3;;a;Non
7928;SOL-D;3;7928SOL-D3;;b;Non
7928;SOL-D;4;7928SOL-D4;;a;Non
7928;SOL-D;5;7928SOL-D5;;a;Non
7928;SOL-D;7;7928SOL-D7;;a;Non
7928;SOL-D;7;7928SOL-D7;;b;Non
7928;SOL-D;8;7928SOL-D8;;a;Non
7928;SOL-D;9;7928SOL-D9;;a;Non
7928;SOL-D;10;7928SOL-D10;;a;Non
7928;SOL-D;10;7928SOL-D10;;b;Non
7928;SOL-D;11;7928SOL-D11;;a;Non
7928;SOL-D;11;7928SOL-D11;;b;Non
7928;SOL-D;12;7928SOL-D12;;a;Non
7928;SOL-D;13;7928SOL-D13;;a;Non
7928;SOL-D;14;7928SOL-D14;;a;Non
7928;SOL-D;14;7928SOL-D14;;b;Non
7928;SOL-D;16;7928SOL-D16;;a;Non
7928;SOL-D;17;7928SOL-D17;;a;Non
7928;SOL-D;18;7928SOL-D18;;a;Non
7928;SOL-D;19;7928SOL-D19;;a;Non
7928;SOL-D;20;7928SOL-D20;;a;Non
7928;SOL-D;21;7928SOL-D21;;a;Non
7928;SOL-D;22;7928SOL-D22;;a;Non
7928;SOL-D;23;7928SOL-D23;;a;Non
7928;SOL-D;24;7928SOL-D24;;a;Non
7928;SOL-D;24;7928SOL-D24;;b;Non
7928;SOL-D;24;7928SOL-D24;;c;Non
7928;SOL-D;25;7928SOL-D25;;a;Non
7928;SOL-D;26;7928SOL-D26;;a;Non
7928;SOL-D;26;7928SOL-D26;;b;Non
7928;SOL-D;27;7928SOL-D27;;a;Non
7928;SOL-D;28;7928SOL-D28;;a;Non
7928;SOL-G;1;7928SOL-G1;;a;Non
7928;SOL-G;2;7928SOL-G2;;a;Non
7928;SOL-G;2;7928SOL-G2;;c;Non
7928;SOL-G;3;7928SOL-G3;;a;Non
7928;SOL-G;4;7928SOL-G4;;a;Non
7928;SOL-G;4;7928SOL-G4;;b;Non
7928;SOL-G;5;7928SOL-G5;;a;Non
7928;SOL-G;6;7928SOL-G6;;a;Non
7928;SOL-G;6;7928SOL-G6;;b;Non
7928;SOL-G;7;7928SOL-G7;;a;Non
7928;SOL-G;8;7928SOL-G8;;a;Non
7928;SOL-G;10;7928SOL-G10;;a;Non
7928;SOL-G;12;7928SOL-G12;;a;Non
7928;SOL-G;12;7928SOL-G12;;b;Non
7928;SOL-G;12;7928SOL-G12;;c;Non
7928;SOL-G;13;7928SOL-G13;;a;Non
7928;SOL-G;14;7928SOL-G14;;a;Non
7928;SOL-G;14;7928SOL-G14;;b;Non
7928;SOL-G;15;7928SOL-G15;;a;Non
7928;SOL-G;16;7928SOL-G16;;a;Non
7928;SOL-G;16;7928SOL-G16;;b;Non
7928;SOL-G;17;7928SOL-G17;;a;Non
7928;SOL-G;17;7928SOL-G17;;b;Non
7928;SOL-G;18;7928SOL-G18;;a;Non
7928;SOL-G;18;7928SOL-G18;;b;Non
7928;SOL-G;19;7928SOL-G19;;a;Non
7942;SOL-D;1;7942SOL-D1;;a;Non
7942;SOL-D;1;7942SOL-D1;;b;Non
7942;SOL-D;2;7942SOL-D2;;a;Non
7942;SOL-D;2;7942SOL-D2;;b;Non
7942;SOL-D;3;7942SOL-D3;;a;Non
7942;SOL-D;3;7942SOL-D3;;b;Non
7942;SOL-D;3;7942SOL-D3;;c;Non
7942;SOL-D;4;7942SOL-D4;;a;Non
7942;SOL-D;4;7942SOL-D4;;b;Non
7942;SOL-D;6;7942SOL-D6;;a;Non
7942;SOL-D;6;7942SOL-D6;;b;Non
7942;SOL-D;6;7942SOL-D6;;c;Non
7942;SOL-D;7;7942SOL-D7;;a;Non
7942;SOL-D;7;7942SOL-D7;;b;Non
7942;SOL-D;7;7942SOL-D7;;c;Non
7942;SOL-D;7;7942SOL-D7;;d;Non
7942;SOL-D;7;7942SOL-D7;;e;Non
7942;SOL-D;7;7942SOL-D7;;f;Non
7942;SOL-D;8;7942SOL-D8;;a;Non
7942;SOL-D;8;7942SOL-D8;;b;Non
7942;SOL-D;9;7942SOL-D9;;a;Non
7942;SOL-D;9;7942SOL-D9;;b;Non
7942;SOL-D;9;7942SOL-D9;;c;Non
7942;SOL-D;10;7942SOL-D10;;a;Non
7942;SOL-D;10;7942SOL-D10;;b;Non
7942;SOL-G;1;7942SOL-G1;;a;Non
7942;SOL-G;2;7942SOL-G2;;a;Non
7942;SOL-G;2;7942SOL-G2;;b;Non
7942;SOL-G;4;7942SOL-G4;;b;Non
7942;SOL-G;3;7942SOL-G3;;a;Non
7942;SOL-G;6;7942SOL-G6;;c;Non
7942;SOL-G;8;7942SOL-G8;;a;Non
7942;SOL-G;9;7942SOL-G9;;a;Non
7942;SOL-G;9;7942SOL-G9;;b;Non
7942;SOL-G;10;7942SOL-G10;;a;Non
7942;SOL-G;11;7942SOL-G11;;a;Non
7942;SOL-G;11;7942SOL-G11;;b;Non
7942;SOL-G;11;7942SOL-G11;;c;Non
7942;SOL-G;11;7942SOL-G11;;d;Non
7942;SOL-G;11;7942SOL-G11;;e;Non
7942;SOL-G;12;7942SOL-G12;;a;Non
7942;SOL-G;12;7942SOL-G12;;b;Non
7942;SOL-G;12;7942SOL-G12;;c;Non
7942;SOL-G;12;7942SOL-G12;;d;Non
7942;SOL-G;12;7942SOL-G12;;e;Non
7945;SOL-D;1;7945SOL-D1;;a;Non
7945;SOL-D;2;7945SOL-D2;;a;Non
7945;SOL-D;2;7945SOL-D2;;b;Non
7945;SOL-D;4;7945SOL-D4;;a;Non
7945;SOL-D;5;7945SOL-D5;;a;Non
7945;SOL-D;5;7945SOL-D5;;b;Non
7945;SOL-D;6;7945SOL-D6;;a;Non
7945;SOL-D;7;7945SOL-D7;;a;Non
7945;SOL-D;8;7945SOL-D8;;a;Non
7945;SOL-D;9;7945SOL-D9;;a;Non
7945;SOL-D;10;7945SOL-D10;;a;Non
7945;SOL-D;10;7945SOL-D10;;b;Non
7945;SOL-D;11;7945SOL-D11;;a;Non
7945;SOL-D;12;7945SOL-D12;;a;Non
7945;SOL-D;13;7945SOL-D13;;a;Non
7945;SOL-D;13;7945SOL-D13;;b;Non
7945;SOL-D;13;7945SOL-D13;;c;Non
7945;SOL-D;13;7945SOL-D13;;d;Non
7945;SOL-D;14;7945SOL-D14;;a;Non
7945;SOL-D;15;7945SOL-D15;;a;Non
7945;SOL-D;15;7945SOL-D15;;b;Non
7945;SOL-D;16;7945SOL-D16;;a;Non
7945;SOL-D;17;7945SOL-D17;;a;Non
7945;SOL-D;18;7945SOL-D18;;a;Non
7945;SOL-D;18;7945SOL-D18;;b;Non
7945;SOL-D;19;7945SOL-D19;;a;Non
7945;SOL-D;19;7945SOL-D19;;b;Non
7945;SOL-D;20;7945SOL-D20;;a;Non
7945;SOL-D;20;7945SOL-D20;;b;Non
7945;SOL-D;24;7945SOL-D24;;a;Non
7945;SOL-D;24;7945SOL-D24;;b;Non
7945;SOL-D;21;7945SOL-D21;;a;Non
7945;SOL-D;21;7945SOL-D21;;b;Non
7945;SOL-D;22;7945SOL-D22;;a;Non
7945;SOL-G;1;7945SOL-G1;;a;Non
7945;SOL-G;2;7945SOL-G2;;a;Non
7945;SOL-G;3;7945SOL-G3;;a;Non
7945;SOL-G;3;7945SOL-G3;;c;Non
7945;SOL-G;5;7945SOL-G5;;a;Non
7945;SOL-G;5;7945SOL-G5;;b;Non
7945;SOL-G;5;7945SOL-G5;;c;Non
7945;SOL-G;6;7945SOL-G6;;a;Non
7945;SOL-G;6;7945SOL-G6;;b;Non
7945;SOL-G;6;7945SOL-G6;;c;Non
7945;SOL-G;7;7945SOL-G7;;a;Non
7945;SOL-G;8;7945SOL-G8;;a;Non
7945;SOL-G;9;7945SOL-G9;;a;Non
7945;SOL-G;9;7945SOL-G9;;b;Non
7945;SOL-G;10;7945SOL-G10;;a;Non
7945;SOL-G;10;7945SOL-G10;;c;Non
7945;SOL-G;11;7945SOL-G11;;a;Non
7945;SOL-G;12;7945SOL-G12;;a;Non
7945;SOL-G;13;7945SOL-G13;;a;Non
7945;SOL-G;13;7945SOL-G13;;b;Non
7945;SOL-G;14;7945SOL-G14;;a;Non
7945;SOL-G;15;7945SOL-G15;;a;Non
7945;SOL-G;16;7945SOL-G16;;a;Non
7964;SOL-D;1;7964SOL-D1;;a;Non
7964;SOL-D;1;7964SOL-D1;;b;Non
7964;SOL-D;2;7964SOL-D2;;a;Non
7964;SOL-D;3;7964SOL-D3;;a;Non
7964;SOL-D;4;7964SOL-D4;;a;Non
7964;SOL-D;5;7964SOL-D5;;a;Non
7964;SOL-D;6;7964SOL-D6;;b;Non
7964;SOL-D;7;7964SOL-D7;;a;Non
7964;SOL-D;7;7964SOL-D7;;b;Non
7964;SOL-D;8;7964SOL-D8;;a;Non
7964;SOL-D;8;7964SOL-D8;;b;Non
7964;SOL-D;9;7964SOL-D9;;a;Non
7964;SOL-D;10;7964SOL-D10;;a;Non
7964;SOL-D;11;7964SOL-D11;;a;Non
7964;SOL-D;13;7964SOL-D13;;a;Non
7964;SOL-D;13;7964SOL-D13;;b;Non
7964;SOL-D;15;7964SOL-D15;;a;Non
7964;SOL-D;17;7964SOL-D17;;a;Non
7964;SOL-D;17;7964SOL-D17;;b;Non
7964;SOL-D;17;7964SOL-D17;;c;Non
7964;SOL-G;1;7964SOL-G1;;a;Non
7964;SOL-G;1;7964SOL-G1;;b;Non
7964;SOL-G;1;7964SOL-G1;;c;Non
7964;SOL-G;2;7964SOL-G2;;a;Non
7964;SOL-G;3;7964SOL-G3;;a;Non
7964;SOL-G;4;7964SOL-G4;;a;Non
7964;SOL-G;5;7964SOL-G5;;a;Non
7964;SOL-G;6;7964SOL-G6;;a;Non
7964;SOL-G;7;7964SOL-G7;;a;Non
7964;SOL-G;8;7964SOL-G8;;a;Non
7964;SOL-G;9;7964SOL-G9;;a;Non
7964;SOL-G;9;7964SOL-G9;;b;Non
7964;SOL-G;10;7964SOL-G10;;a;Non
7964;SOL-G;16;7964SOL-G16;;a;Non
7964;SOL-G;11;7964SOL-G11;;a;Non
7964;SOL-G;12;7964SOL-G12;;a;Non
7964;SOL-G;12;7964SOL-G12;;b;Non
7964;SOL-G;13;7964SOL-G13;;a;Non
7964;SOL-G;14;7964SOL-G14;;a;Non
7964;SOL-G;15;7964SOL-G15;;a;Non
7964;SOL-G;15;7964SOL-G15;;b;Non
7964;SOL-G;15;7964SOL-G15;;c;Non
7968;SOL-D;1;7968SOL-D1;;a;Non
7968;SOL-D;2;7968SOL-D2;;a;Non
7968;SOL-D;3;7968SOL-D3;;a;Non
7968;SOL-D;4;7968SOL-D4;;a;Non
7968;SOL-D;5;7968SOL-D5;;a;Non
7968;SOL-D;5;7968SOL-D5;;b;Non
7968;SOL-D;6;7968SOL-D6;;a;Non
7968;SOL-D;7;7968SOL-D7;;a;Non
7968;SOL-D;8;7968SOL-D8;;a;Non
7968;SOL-D;9;7968SOL-D9;;a;Non
7968;SOL-D;9;7968SOL-D9;;b;Non
7968;SOL-D;9;7968SOL-D9;;c;Non
7968;SOL-D;10;7968SOL-D10;;a;Non
7968;SOL-D;11;7968SOL-D11;;a;Non
7968;SOL-D;12;7968SOL-D12;;a;Non
7968;SOL-D;13;7968SOL-D13;;a;Non
7968;SOL-D;14;7968SOL-D14;;a;Non
7968;SOL-D;14;7968SOL-D14;;b;Non
7968;SOL-D;15;7968SOL-D15;;a;Non
7968;SOL-D;15;7968SOL-D15;;b;Non
7968;SOL-D;16;7968SOL-D16;;a;Non
7968;SOL-D;16;7968SOL-D16;;b;Non
7968;SOL-D;17;7968SOL-D17;;a;Non
7968;SOL-D;17;7968SOL-D17;;b;Non
7968;SOL-D;18;7968SOL-D18;;a;Non
7968;SOL-D;19;7968SOL-D19;;a;Non
7968;SOL-D;19;7968SOL-D19;;b;Non
7968;SOL-D;20;7968SOL-D20;;a;Non
7968;SOL-G;1;7968SOL-G1;;a;Non
7968;SOL-G;1;7968SOL-G1;;b;Non
7968;SOL-G;2;7968SOL-G2;;a;Non
7968;SOL-G;3;7968SOL-G3;;a;Non
7968;SOL-G;4;7968SOL-G4;;b;Non
7968;SOL-G;5;7968SOL-G5;;a;Non
7968;SOL-G;6;7968SOL-G6;;a;Non
7968;SOL-G;7;7968SOL-G7;;a;Non
7968;SOL-G;8;7968SOL-G8;;a;Non
7968;SOL-G;9;7968SOL-G9;;a;Non
7968;SOL-G;9;7968SOL-G9;;b;Non
7968;SOL-G;9;7968SOL-G9;;c;Non
7968;SOL-G;10;7968SOL-G10;;a;Non
7968;SOL-G;10;7968SOL-G10;;b;Non
7968;SOL-G;10;7968SOL-G10;;c;Non
7968;SOL-G;12;7968SOL-G12;;a;Non
7968;SOL-G;12;7968SOL-G12;;b;Non
7968;SOL-G;13;7968SOL-G13;;a;Non
7968;SOL-G;13;7968SOL-G13;;b;Non
7968;SOL-G;14;7968SOL-G14;;a;Non
7968;SOL-G;15;7968SOL-G15;;a;Non
7968;SOL-G;15;7968SOL-G15;;b;Non
7968;SOL-G;16;7968SOL-G16;;a;Non
7968;SOL-G;17;7968SOL-G17;;a;Non
7968;SOL-G;17;7968SOL-G17;;b;Non
7968;SOL-G;18;7968SOL-G18;;b;Non
7968;SOL-G;19;7968SOL-G19;;a;Non
7968;SOL-G;19;7968SOL-G19;;b;Non
7968;SOL-G;20;7968SOL-G20;;a;Non
7973;SOL-D;1;7973SOL-D1;;a;Non
7973;SOL-D;1;7973SOL-D1;;c;Non
7973;SOL-D;1;7973SOL-D1;;d;Non
7973;SOL-D;2;7973SOL-D2;;a;Non
7973;SOL-D;3;7973SOL-D3;;a;Non
7973;SOL-D;4;7973SOL-D4;;a;Non
7973;SOL-D;5;7973SOL-D5;;a;Non
7973;SOL-D;6;7973SOL-D6;;a;Non
7973;SOL-D;6;7973SOL-D6;;b;Non
7973;SOL-D;6;7973SOL-D6;;c;Non
7973;SOL-D;6;7973SOL-D6;;d;Non
7973;SOL-D;7;7973SOL-D7;;a;Non
7973;SOL-D;8;7973SOL-D8;;a;Non
7973;SOL-D;9;7973SOL-D9;;a;Non
7973;SOL-D;10;7973SOL-D10;;a;Non
7973;SOL-D;11;7973SOL-D11;;a;Non
7973;SOL-D;11;7973SOL-D11;;b;Non
7973;SOL-D;11;7973SOL-D11;;c;Non
7973;SOL-G;1;7973SOL-G1;;a;Non
7973;SOL-G;1;7973SOL-G1;;b;Non
7973;SOL-G;1;7973SOL-G1;;c;Non
7973;SOL-G;1;7973SOL-G1;;d;Non
7973;SOL-G;21;7973SOL-G21;;a;Non
7973;SOL-G;21;7973SOL-G21;;b;Non
7973;SOL-G;21;7973SOL-G21;;c;Non
7973;SOL-G;2;7973SOL-G2;;a;Non
7973;SOL-G;2;7973SOL-G2;;b;Non
7973;SOL-G;2;7973SOL-G2;;c;Non
7973;SOL-G;3;7973SOL-G3;;a;Non
7973;SOL-G;3;7973SOL-G3;;b;Non
7973;SOL-G;3;7973SOL-G3;;c;Non
7973;SOL-G;4;7973SOL-G4;;a;Non
7973;SOL-G;5;7973SOL-G5;;a;Non
7973;SOL-G;6;7973SOL-G6;;a;Non
7973;SOL-G;6;7973SOL-G6;;b;Non
7973;SOL-G;7;7973SOL-G7;;a;Non
7973;SOL-G;8;7973SOL-G8;;a;Non
7973;SOL-G;8;7973SOL-G8;;b;Non
7973;SOL-G;9;7973SOL-G9;;a;Non
7973;SOL-G;9;7973SOL-G9;;b;Non
7973;SOL-G;11;7973SOL-G11;;a;Non
7973;SOL-G;12;7973SOL-G12;;a;Non
7973;SOL-G;13;7973SOL-G13;;a;Non
7973;SOL-G;13;7973SOL-G13;;b;Non
7973;SOL-G;13;7973SOL-G13;;c;Non
7973;SOL-G;14;7973SOL-G14;;a;Non
7973;SOL-G;14;7973SOL-G14;;b;Non
7973;SOL-G;15;7973SOL-G15;;a;Non
7973;SOL-G;15;7973SOL-G15;;b;Non
7973;SOL-G;16;7973SOL-G16;;a;Non
7973;SOL-G;16;7973SOL-G16;;b;Non
7973;SOL-G;17;7973SOL-G17;;a;Non
7973;SOL-G;17;7973SOL-G17;;b;Non
7973;SOL-G;18;7973SOL-G18;;a;Non
7973;SOL-G;19;7973SOL-G19;;b;Non
7973;SOL-G;19;7973SOL-G19;;c;Non
7973;SOL-G;19;7973SOL-G19;;d;Non
7973;SOL-G;20;7973SOL-G20;;a;Non
7973;SOL-G;20;7973SOL-G20;;b;Non
7978;SOL-D;1;7978SOL-D1;;a;Non
7978;SOL-D;1;7978SOL-D1;;b;Non
7978;SOL-D;2;7978SOL-D2;;a;Non
7978;SOL-D;3;7978SOL-D3;;a;Non
7978;SOL-D;3;7978SOL-D3;;b;Non
7978;SOL-D;4;7978SOL-D4;;a;Non
7978;SOL-D;5;7978SOL-D5;;a;Non
7978;SOL-D;6;7978SOL-D6;;a;Non
7978;SOL-D;7;7978SOL-D7;;a;Non
7978;SOL-D;7;7978SOL-D7;;b;Non
7978;SOL-D;8;7978SOL-D8;;b;Non
7978;SOL-D;8;7978SOL-D8;;c;Non
7978;SOL-D;11;7978SOL-D11;;a;Non
7978;SOL-D;13;7978SOL-D13;;a;Non
7978;SOL-D;14;7978SOL-D14;;b;Non
7978;SOL-D;15;7978SOL-D15;;a;Non
7978;SOL-D;15;7978SOL-D15;;b;Non
7978;SOL-D;16;7978SOL-D16;;a;Non
7978;SOL-D;17;7978SOL-D17;;a;Non
7978;SOL-D;17;7978SOL-D17;;b;Non
7978;SOL-D;20;7978SOL-D20;;a;Non
7978;SOL-D;20;7978SOL-D20;;b;Non
7978;SOL-D;20;7978SOL-D20;;c;Non
7978;SOL-D;21;7978SOL-D21;;a;Non
7978;SOL-D;22;7978SOL-D22;;a;Non
7978;SOL-D;23;7978SOL-D23;;a;Non
7978;SOL-D;24;7978SOL-D24;;a;Non
7978;SOL-D;26;7978SOL-D26;;a;Non
7978;SOL-D;30;7978SOL-D30;;a;Non
7978;SOL-D;31;7978SOL-D31;;a;Non
7978;SOL-D;31;7978SOL-D31;;b;Non
7978;SOL-D;32;7978SOL-D32;;a;Non
7978;SOL-D;33;7978SOL-D33;;a;Non
7978;SOL-D;33;7978SOL-D33;;b;Non
7978;SOL-D;33;7978SOL-D33;;c;Non
7978;SOL-G;1;7978SOL-G1;;b;Non
7978;SOL-G;3;7978SOL-G3;;a;Non
7978;SOL-G;4;7978SOL-G4;;a;Non
7978;SOL-G;4;7978SOL-G4;;b;Non
7978;SOL-G;5;7978SOL-G5;;a;Non
7978;SOL-G;8;7978SOL-G8;;b;Non
7978;SOL-G;9;7978SOL-G9;;a;Non
7978;SOL-G;9;7978SOL-G9;;b;Non
7978;SOL-G;11;7978SOL-G11;;a;Non
7978;SOL-G;13;7978SOL-G13;;a;Non
7978;SOL-G;14;7978SOL-G14;;a;Non
7978;SOL-G;15;7978SOL-G15;;a;Non
7978;SOL-G;15;7978SOL-G15;;b;Non
7978;SOL-G;15;7978SOL-G15;;c;Non
7978;SOL-G;16;7978SOL-G16;;a;Non
7978;SOL-G;17;7978SOL-G17;;a;Non
7978;SOL-G;17;7978SOL-G17;;b;Non
7978;SOL-G;18;7978SOL-G18;;a;Non
7978;SOL-G;19;7978SOL-G19;;a;Non
7978;SOL-G;20;7978SOL-G20;;a;Non
7978;SOL-G;20;7978SOL-G20;;b;Non
7978;SOL-G;20;7978SOL-G20;;c;Non
7978;SOL-G;21;7978SOL-G21;;a;Non
7979;SOL-D;1;7979SOL-D1;;a;Non
7979;SOL-D;2;7979SOL-D2;;a;Non
7979;SOL-D;3;7979SOL-D3;;a;Non
7979;SOL-D;3;7979SOL-D3;;b;Non
7979;SOL-D;4;7979SOL-D4;;a;Non
7979;SOL-D;5;7979SOL-D5;;a;Non
7979;SOL-D;5;7979SOL-D5;;b;Non
7979;SOL-D;6;7979SOL-D6;;a;Non
7979;SOL-D;7;7979SOL-D7;;a;Non
7979;SOL-D;8;7979SOL-D8;;a;Non
7979;SOL-D;9;7979SOL-D9;;a;Non
7979;SOL-D;10;7979SOL-D10;;a;Non
7979;SOL-D;12;7979SOL-D12;;a;Non
7979;SOL-D;12;7979SOL-D12;;b;Non
7979;SOL-D;12;7979SOL-D12;;c;Non
7979;SOL-D;13;7979SOL-D13;;a;Non
7979;SOL-D;13;7979SOL-D13;;b;Non
7979;SOL-D;14;7979SOL-D14;;a;Non
7979;SOL-D;15;7979SOL-D15;;a;Non
7979;SOL-D;16;7979SOL-D16;;a;Non
7979;SOL-D;16;7979SOL-D16;;b;Non
7979;SOL-D;17;7979SOL-D17;;a;Non
7979;SOL-D;18;7979SOL-D18;;a;Non
7979;SOL-D;19;7979SOL-D19;;a;Non
7979;SOL-G;1;7979SOL-G1;;a;Non
7979;SOL-G;1;7979SOL-G1;;b;Non
7979;SOL-G;2;7979SOL-G2;;a;Non
7979;SOL-G;3;7979SOL-G3;;a;Non
7979;SOL-G;4;7979SOL-G4;;a;Non
7979;SOL-G;4;7979SOL-G4;;b;Non
7979;SOL-G;5;7979SOL-G5;;a;Non
7979;SOL-G;5;7979SOL-G5;;c;Non
7979;SOL-G;6;7979SOL-G6;;a;Non
7979;SOL-G;7;7979SOL-G7;;a;Non
7979;SOL-G;8;7979SOL-G8;;a;Non
7979;SOL-G;9;7979SOL-G9;;a;Non
7979;SOL-G;10;7979SOL-G10;;a;Non
7979;SOL-G;10;7979SOL-G10;;b;Non
7979;SOL-G;11;7979SOL-G11;;a;Non
7979;SOL-G;11;7979SOL-G11;;b;Non
7979;SOL-G;12;7979SOL-G12;;a;Non
7979;SOL-G;12;7979SOL-G12;;b;Non
7979;SOL-G;13;7979SOL-G13;;a;Non
7979;SOL-G;13;7979SOL-G13;;b;Non
7979;SOL-G;13;7979SOL-G13;;c;Non
7979;SOL-G;14;7979SOL-G14;;a;Non
7979;SOL-G;15;7979SOL-G15;;a;Non
7979;SOL-G;15;7979SOL-G15;;b;Non
7979;SOL-G;15;7979SOL-G15;;c;Non
7979;SOL-G;16;7979SOL-G16;;a;Non
7979;SOL-G;17;7979SOL-G17;;a;Non
7989;SOL-D;1;7989SOL-D1;;b;Non
7989;SOL-D;2;7989SOL-D2;;a;Non
7989;SOL-D;2;7989SOL-D2;;b;Non
7989;SOL-D;3;7989SOL-D3;;a;Non
7989;SOL-D;4;7989SOL-D4;;a;Non
7989;SOL-D;7;7989SOL-D7;;a;Non
7989;SOL-D;8;7989SOL-D8;;a;Non
7989;SOL-D;8;7989SOL-D8;;b;Non
7989;SOL-D;10;7989SOL-D10;;b;Non
7989;SOL-D;10;7989SOL-D10;;c;Non
7989;SOL-D;11;7989SOL-D11;;a;Non
7989;SOL-D;12;7989SOL-D12;;a;Non
7989;SOL-D;13;7989SOL-D13;;a;Non
7989;SOL-G;1;7989SOL-G1;;a;Non
7989;SOL-G;2;7989SOL-G2;;a;Non
7989;SOL-G;3;7989SOL-G3;;a;Non
7989;SOL-G;4;7989SOL-G4;;a;Non
7989;SOL-G;5;7989SOL-G5;;a;Non
7989;SOL-G;6;7989SOL-G6;;a;Non
7989;SOL-G;7;7989SOL-G7;;a;Non
7989;SOL-G;8;7989SOL-G8;;a;Non
7989;SOL-G;9;7989SOL-G9;;a;Non
7989;SOL-G;10;7989SOL-G10;;a;Non
7989;SOL-G;10;7989SOL-G10;;b;Non
7989;SOL-G;11;7989SOL-G11;;a;Non
7989;SOL-G;11;7989SOL-G11;;b;Non
7989;SOL-G;11;7989SOL-G11;;c;Non
7989;SOL-G;12;7989SOL-G12;;a;Non
6260;SOL-G;6;6260SOL-G6;;a;Complete
6260;SOL-G;11;6260SOL-G11;;b;Complete
6260;SOL-G;13;6260SOL-G13;;a;Complete
6260;SOL-G;17;6260SOL-G17;;a;Complete
6260;SOL-G;18;6260SOL-G18;;a;Complete
6261;SOL-D;1;6261SOL-D1;;a;Complete
6261;SOL-D;7;6261SOL-D7;;b;Complete
6261;SOL-D;8;6261SOL-D8;;a;Complete
6266;SOL-D;2;6266SOL-D2;;a;Complete
6266;SOL-D;4;6266SOL-D4;;a;Complete
6266;SOL-D;6;6266SOL-D6;;b;Complete
6266;SOL-D;9;6266SOL-D9;;a;Complete
6266;SOL-D;9;6266SOL-D9;;b;Complete
6266;SOL-D;12;6266SOL-D12;;a;Complete
6266;SOL-D;16;6266SOL-D16;;a;Complete
6266;SOL-D;17;6266SOL-D17;;a;Complete
6266;SOL-D;22;6266SOL-D22;;a;Complete
6267;SOL-G;2;6267SOL-G2;;b;Complete
6283;SOL-D;18;6283SOL-D18;;a;Complete
6283;SOL-G;7;6283SOL-G7;;a;Complete
6412;EDL-G;1;6412EDL-G1;;a;Complete
6412;EDL-G;2;6412EDL-G2;;a;Complete
6412;EDL-G;3;6412EDL-G3;;a;Complete
6412;EDL-G;8;6412EDL-G8;;a;Complete
6412;EDL-G;9;6412EDL-G9;;a;Complete
6412;EDL-G;9;6412EDL-G9;;b;Complete
6412;EDL-G;10;6412EDL-G10;;a;Complete
6412;EDL-G;10;6412EDL-G10;;b;Complete
6412;EDL-G;11;6412EDL-G11;;a;Complete
6412;EDL-G;11;6412EDL-G11;;b;Complete
6412;EDL-G;12;6412EDL-G12;;a;Complete
6412;EDL-G;13;6412EDL-G13;;a;Complete
6412;EDL-G;14;6412EDL-G14;;a;Complete
6412;EDL-G;15;6412EDL-G15;;a;Complete
6412;EDL-G;15;6412EDL-G15;;b;Complete
6412;EDL-G;16;6412EDL-G16;;a;Complete
6412;EDL-G;16;6412EDL-G16;;b;Complete
6412;EDL-G;17;6412EDL-G17;;a;Complete
6412;EDL-G;18;6412EDL-G18;;a;Complete
6412;EDL-G;18;6412EDL-G18;;b;Complete
6412;EDL-G;19;6412EDL-G19;;a;Complete
6412;EDL-G;19;6412EDL-G19;;b;Complete
6412;EDL-G;19;6412EDL-G19;;c;Complete
6414;EDL-G;11;6414EDL-G11;;a;Complete
6414;EDL-G;17;6414EDL-G17;;a;Complete
6414;EDL-G;18;6414EDL-G18;;a;Complete
6418;EDL-G;2;6418EDL-G2;;a;Complete
6418;EDL-G;4;6418EDL-G4;;a;Complete
6418;EDL-G;4;6418EDL-G4;;b;Complete
6435;EDL-D;10;6435EDL-D10;;a;Complete
7736;EDL-G;3;7736EDL-G3;;a;Complete
7736;EDL-G;7;7736EDL-G7;;a;Complete
7738;EDL-D;5;7738EDL-D5;;a;Complete
7738;EDL-D;5;7738EDL-D5;;b;Complete
7738;EDL-D;6;7738EDL-D6;;a;Complete
7738;EDL-D;6;7738EDL-D6;;b;Complete
7738;EDL-D;7;7738EDL-D7;;a;Complete
7738;EDL-D;7;7738EDL-D7;;b;Complete
7738;EDL-D;8;7738EDL-D8;;a;Complete
7738;EDL-D;10;7738EDL-D10;;a;Complete
7738;EDL-D;10;7738EDL-D10;;b;Complete
7753;EDL-G;4;7753EDL-G4;;a;Complete
7753;EDL-G;5;7753EDL-G5;;a;Complete
7753;EDL-G;5;7753EDL-G5;;b;Complete
7753;EDL-G;6;7753EDL-G6;;a;Complete
7753;EDL-G;6;7753EDL-G6;;b;Complete
7753;EDL-G;7;7753EDL-G7;;a;Complete
7753;EDL-G;7;7753EDL-G7;;b;Complete
7753;EDL-G;8;7753EDL-G8;;a;Complete
7753;EDL-G;16;7753EDL-G16;;b;Complete
7754;EDL-G;3;7754EDL-G3;;a;Complete
7754;EDL-G;17;7754EDL-G17;;a;Complete
7771;EDL-D;1;7771EDL-D1;;a;Complete
7771;EDL-D;1;7771EDL-D1;;b;Complete
7771;EDL-D;2;7771EDL-D2;;b;Complete
7771;EDL-D;4;7771EDL-D4;;a;Complete
7771;EDL-D;4;7771EDL-D4;;b;Complete
7771;EDL-D;5;7771EDL-D5;;a;Complete
7771;EDL-D;5;7771EDL-D5;;b;Complete
7771;EDL-D;5;7771EDL-D5;;c;Complete
7771;EDL-D;6;7771EDL-D6;;a;Complete
7771;EDL-D;6;7771EDL-D6;;c;Complete
7771;EDL-D;7;7771EDL-D7;;a;Complete
7771;EDL-D;7;7771EDL-D7;;b;Complete
7771;EDL-D;8;7771EDL-D8;;a;Complete
7771;EDL-D;9;7771EDL-D9;;a;Complete
7771;EDL-D;9;7771EDL-D9;;b;Complete
7771;EDL-D;9;7771EDL-D9;;c;Complete
7771;EDL-D;11;7771EDL-D11;;b;Complete
7771;EDL-D;12;7771EDL-D12;;a;Complete
7771;EDL-D;12;7771EDL-D12;;b;Complete
7771;EDL-D;13;7771EDL-D13;;a;Complete
7771;EDL-D;13;7771EDL-D13;;b;Complete
7771;EDL-D;14;7771EDL-D14;;a;Complete
7771;EDL-D;14;7771EDL-D14;;b;Complete
7771;EDL-D;14;7771EDL-D14;;c;Complete
7771;EDL-D;14;7771EDL-D14;;d;Complete
7771;EDL-D;15;7771EDL-D15;;a;Complete
7771;EDL-D;18;7771EDL-D18;;a;Complete
7771;EDL-D;18;7771EDL-D18;;b;Complete
7771;EDL-D;19;7771EDL-D19;;a;Complete
7771;EDL-D;19;7771EDL-D19;;b;Complete
7771;EDL-D;19;7771EDL-D19;;c;Complete
7771;EDL-D;19;7771EDL-D19;;d;Complete
7771;EDL-D;19;7771EDL-D19;;e;Complete
7906;EDL-G;3;7906EDL-G3;;a;Complete
7906;EDL-G;3;7906EDL-G3;;b;Complete
7906;EDL-G;8;7906EDL-G8;;a;Complete
7906;EDL-G;8;7906EDL-G8;;b;Complete
7906;EDL-G;7;7906EDL-G7;;a;Complete
7906;EDL-G;7;7906EDL-G7;;b;Complete
7906;EDL-G;6;7906EDL-G6;;a;Complete
7906;EDL-G;6;7906EDL-G6;;b;Complete
7906;EDL-G;5;7906EDL-G5;;a;Complete
7906;EDL-G;5;7906EDL-G5;;b;Complete
7906;EDL-G;5;7906EDL-G5;;c;Complete
7906;EDL-G;5;7906EDL-G5;;d;Complete
7906;EDL-G;14;7906EDL-G14;;a;Complete
7906;EDL-G;12;7906EDL-G12;;a;Complete
7906;EDL-G;12;7906EDL-G12;;c;Complete
7906;EDL-G;11;7906EDL-G11;;a;Complete
7906;EDL-G;11;7906EDL-G11;;b;Complete
7906;EDL-G;10;7906EDL-G10;;a;Complete
7906;EDL-G;10;7906EDL-G10;;b;Complete
7906;EDL-G;9;7906EDL-G9;;a;Complete
7906;EDL-G;8;7906EDL-G8;;a;Complete
7906;EDL-G;8;7906EDL-G8;;b;Complete
7906;EDL-G;8;7906EDL-G8;;c;Complete
7906;EDL-G;8;7906EDL-G8;;d;Complete
7906;EDL-G;8;7906EDL-G8;;e;Complete
7906;EDL-G;16;7906EDL-G16;;a;Complete
7906;EDL-G;16;7906EDL-G16;;b;Complete
7906;EDL-G;16;7906EDL-G16;;c;Complete
7906;EDL-G;15;7906EDL-G15;;b;Complete
7906;EDL-G;15;7906EDL-G15;;c;Complete
7906;EDL-G;15;7906EDL-G15;;d;Complete
7906;EDL-G;15;7906EDL-G15;;e;Complete
7925;EDL-G;1;7925EDL-G1;;a;Complete
7925;EDL-G;2;7925EDL-G2;;a;Complete
7925;EDL-G;2;7925EDL-G2;;b;Complete
7925;EDL-G;2;7925EDL-G2;;c;Complete
7925;EDL-G;3;7925EDL-G3;;a;Complete
7925;EDL-G;4;7925EDL-G4;;a;Complete
7925;EDL-G;4;7925EDL-G4;;b;Complete
7925;EDL-G;4;7925EDL-G4;;c;Complete
7925;EDL-G;5;7925EDL-G5;;a;Complete
7925;EDL-G;6;7925EDL-G6;;a;Complete
7925;EDL-G;7;7925EDL-G7;;a;Complete
7925;EDL-G;8;7925EDL-G8;;a;Complete
7925;EDL-G;11;7925EDL-G11;;a;Complete
7925;EDL-G;12;7925EDL-G12;;a;Complete
7925;EDL-G;13;7925EDL-G13;;a;Complete
7925;EDL-G;13;7925EDL-G13;;b;Complete
7928;SOL-D;6;7928SOL-D6;;a;Complete
7928;SOL-D;27;7928SOL-D27;;b;Complete
7942;SOL-D;5;7942SOL-D5;;a;Complete
7942;SOL-G;4;7942SOL-G4;;a;Complete
7942;SOL-G;3;7942SOL-G3;;b;Complete
7942;SOL-G;5;7942SOL-G5;;a;Complete
7942;SOL-G;5;7942SOL-G5;;b;Complete
7942;SOL-G;6;7942SOL-G6;;a;Complete
7942;SOL-G;6;7942SOL-G6;;b;Complete
7942;SOL-G;7;7942SOL-G7;;a;Complete
7973;SOL-D;1;7973SOL-D1;;b;Complete
7978;SOL-D;8;7978SOL-D8;;a;Complete
7978;SOL-D;9;7978SOL-D9;;a;Complete
7978;SOL-D;10;7978SOL-D10;;a;Complete
7978;SOL-D;10;7978SOL-D10;;b;Complete
7978;SOL-D;11;7978SOL-D11;;b;Complete
7978;SOL-D;11;7978SOL-D11;;c;Complete
7978;SOL-D;12;7978SOL-D12;;a;Complete
7978;SOL-D;28;7978SOL-D28;;a;Complete
7978;SOL-G;2;7978SOL-G2;;a;Complete
7978;SOL-G;8;7978SOL-G8;;a;Complete
7978;SOL-G;10;7978SOL-G10;;a;Complete
7978;SOL-G;12;7978SOL-G12;;a;Complete
7978;SOL-G;14;7978SOL-G14;;b;Complete
7989;SOL-D;1;7989SOL-D1;;a;Complete
7989;SOL-D;7;7989SOL-D7;;b;Complete
7989;SOL-D;7;7989SOL-D7;;c;Complete
7989;SOL-D;9;7989SOL-D9;;a;Complete
7989;SOL-D;10;7989SOL-D10;;a;Complete
