ImgID;Number_of_NMJ;NMJ_id;Denervation
6260SOL-D1;1;a;Non
6260SOL-D10;1;a;Non
6260SOL-D10;1;b;Non
6260SOL-D10;1;c;Non
6260SOL-D10;1;d;Partielle
6260SOL-D11;1;a;Non
6260SOL-D11;1;b;Non
6260SOL-D12;1;a;Non
6260SOL-D12;1;b;Non
6260SOL-D13;1;a;Partielle
6260SOL-D13;1;b;Non
6260SOL-D14;1;a;Non
6260SOL-D14;1;b;Non
6260SOL-D15;1;a;Non
6260SOL-D16;1;a;Non
6260SOL-D17;1;a;Non
6260SOL-D19;1;a;Non
6260SOL-D19;1;b;Non
6260SOL-D2;1;a;Non
6260SOL-D2;1;b;Non
6260SOL-D20;1;a;Non
6260SOL-D20;1;b;Non
6260SOL-D3;1;a;Non
6260SOL-D4;1;a;Non
6260SOL-D4;1;b;Non
6260SOL-D5;1;a;Partielle
6260SOL-D5;1;b;Non
6260SOL-D6;1;a;Non
6260SOL-D7;1;a;Non
6260SOL-D8;1;a;Non
6260SOL-G1;1;a;Non
6260SOL-G1;1;b;Non
6260SOL-G1;1;c;Non
6260SOL-G11;1;a;Non
6260SOL-G11;1;b;Complete
6260SOL-G12;1;a;Non
6260SOL-G13;1;a;Complete
6260SOL-G14;1;a;Partielle
6260SOL-G14;1;b;Partielle
6260SOL-G15;1;a;Non
6260SOL-G16;1;a;Non
6260SOL-G16;1;b;Non
6260SOL-G17;1;a;Complete
6260SOL-G17;1;b;Non
6260SOL-G18;1;a;Complete
6260SOL-G18;1;b;Non
6260SOL-G19;1;a;Non
6260SOL-G19;1;b;Non
6260SOL-G2;1;a;Non
6260SOL-G2;1;b;Non
6260SOL-G20;1;a;Non
6260SOL-G20;1;b;Non
6260SOL-G21;1;a;Non
6260SOL-G22;1;a;Non
6260SOL-G22;1;b;Non
6260SOL-G3;1;a;Non
6260SOL-G3;1;b;Non
6260SOL-G4;1;a;Non
6260SOL-G5;1;a;Non
6260SOL-G5;1;b;Non
6260SOL-G6;1;a;Complete
6260SOL-G7;1;a;Non
6260SOL-G7;1;b;Non
6260SOL-G8;1;a;Partielle
6260SOL-G9;1;a;Non
6261SOL-D1;1;a;Complete
6261SOL-D10;1;a;Non
6261SOL-D11;1;a;Non
6261SOL-D11;1;b;Non
6261SOL-D12;1;a;Non
6261SOL-D12;1;b;Non
6261SOL-D13;1;a;Non
6261SOL-D14;1;a;Non
6261SOL-D14;1;b;Non
6261SOL-D15;1;a;Non
6261SOL-D16;1;a;Non
6261SOL-D2;1;a;Non
6261SOL-D2;1;b;Non
6261SOL-D3;1;a;Non
6261SOL-D4;1;a;Partielle
6261SOL-D4;1;b;Non
6261SOL-D5;1;a;Non
6261SOL-D5;1;b;Non
6261SOL-D5;1;c;Non
6261SOL-D6;1;a;Non
6261SOL-D6;1;b;Non
6261SOL-D7;1;a;Non
6261SOL-D7;1;b;Complete
6261SOL-D8;1;a;Complete
6261SOL-D8;1;b;Non
6261SOL-D9;1;a;Partielle
6261SOL-G1;1;a;Non
6261SOL-G10;1;a;Non
6261SOL-G11;1;a;Non
6261SOL-G11;1;b;Non
6261SOL-G12;1;a;Non
6261SOL-G13;1;a;Non
6261SOL-G13;1;b;Partielle
6261SOL-G13;1;c;Non
6261SOL-G13;1;d;Non
6261SOL-G14;1;a;Non
6261SOL-G15;1;a;Non
6261SOL-G15;1;b;Non
6261SOL-G16;1;a;Non
6261SOL-G17;1;a;Non
6261SOL-G18;1;a;Non
6261SOL-G18;1;b;Non
6261SOL-G19;1;a;Non
6261SOL-G2;1;a;Non
6261SOL-G2;1;b;Non
6261SOL-G20;1;a;Non
6261SOL-G21;1;a;Non
6261SOL-G21;1;b;Non
6261SOL-G22;1;a;Non
6261SOL-G23;1;a;Non
6261SOL-G23;1;b;Non
6261SOL-G24;1;a;Non
6261SOL-G3;1;a;Non
6261SOL-G3;1;b;Non
6261SOL-G4;1;a;Non
6261SOL-G5;1;a;Non
6261SOL-G6;1;a;Non
6261SOL-G7;1;a;Non
6261SOL-G8;1;a;Non
6261SOL-G9;1;a;Partielle
6266SOL-D1;1;a;Non
6266SOL-D10;1;a;Non
6266SOL-D11;1;a;Non
6266SOL-D12;1;a;Complete
6266SOL-D12;1;b;Non
6266SOL-D13;1;a;Non
6266SOL-D13;1;b;Non
6266SOL-D14;1;a;Non
6266SOL-D14;1;b;Non
6266SOL-D15;1;a;Non
6266SOL-D16;1;a;Complete
6266SOL-D17;1;a;Complete
6266SOL-D18;1;a;Partielle
6266SOL-D19;1;a;Non
6266SOL-D2;1;a;Complete
6266SOL-D20;1;a;Partielle
6266SOL-D21;1;a;Non
6266SOL-D22;1;a;Complete
6266SOL-D22;1;b;Non
6266SOL-D23;1;a;Non
6266SOL-D24;1;a;Non
6266SOL-D3;1;a;Non
6266SOL-D3;1;b;Partielle
6266SOL-D4;1;a;Complete
6266SOL-D4;1;b;Non
6266SOL-D5;1;a;Non
6266SOL-D6;1;a;Non
6266SOL-D6;1;b;Complete
6266SOL-D7;1;a;Non
6266SOL-D8;1;a;Non
6266SOL-D8;1;b;Non
6266SOL-D8;1;c;Non
6266SOL-D9;1;a;Complete
6266SOL-D9;1;b;Complete
6266SOL-G1;1;a;Non
6266SOL-G1;1;b;Non
6266SOL-G10;1;a;Non
6266SOL-G11;1;a;Non
6266SOL-G12;1;a;Non
6266SOL-G12;1;b;Non
6266SOL-G13;1;a;Non
6266SOL-G13;1;b;Non
6266SOL-G14;1;a;Non
6266SOL-G14;1;b;Non
6266SOL-G14;1;c;Non
6266SOL-G14;1;d;Non
6266SOL-G15;1;a;Non
6266SOL-G16;1;a;Non
6266SOL-G17;1;a;Non
6266SOL-G18;1;a;Non
6266SOL-G19;1;a;Non
6266SOL-G2;1;a;Non
6266SOL-G20;1;a;Non
6266SOL-G21;1;a;Non
6266SOL-G22;1;a;Non
6266SOL-G23;1;a;Non
6266SOL-G23;1;b;Non
6266SOL-G24;1;a;Non
6266SOL-G25;1;a;Non
6266SOL-G26;1;a;Non
6266SOL-G26;1;b;Non
6266SOL-G27;1;a;Non
6266SOL-G28;1;a;Non
6266SOL-G29;1;a;Partielle
6266SOL-G29;1;b;Non
6266SOL-G3;1;a;Non
6266SOL-G30;1;a;Partielle
6266SOL-G31;1;a;Non
6266SOL-G31;1;b;Non
6266SOL-G32;1;a;Non
6266SOL-G32;1;b;Non
6266SOL-G4;1;a;Non
6266SOL-G5;1;a;Non
6266SOL-G6;1;a;Non
6266SOL-G7;1;a;Non
6266SOL-G8;1;a;Non
6266SOL-G8;1;b;Non
6266SOL-G9;1;a;Non
6266SOL-G9;1;b;Non
6267SOL-D1;1;a;Non
6267SOL-D10;1;a;Non
6267SOL-D11;1;a;Non
6267SOL-D12;1;a;Non
6267SOL-D12;1;b;Non
6267SOL-D13;1;a;Non
6267SOL-D13;1;b;Non
6267SOL-D14;1;a;Non
6267SOL-D15;1;a;Non
6267SOL-D15;1;b;Non
6267SOL-D16;1;a;Non
6267SOL-D17;1;a;Non
6267SOL-D17;1;b;Non
6267SOL-D18;1;a;Non
6267SOL-D18;1;b;Non
6267SOL-D19;1;a;Non
6267SOL-D2;1;a;Non
6267SOL-D20;1;a;Non
6267SOL-D20;1;b;Non
6267SOL-D21;1;a;Non
6267SOL-D21;1;b;Non
6267SOL-D3;1;a;Non
6267SOL-D4;1;a;Non
6267SOL-D5;1;a;Non
6267SOL-D6;1;a;Non
6267SOL-D6;1;b;Non
6267SOL-D6;1;c;Non
6267SOL-D7;1;a;Non
6267SOL-D7;1;b;Non
6267SOL-D8;1;a;Non
6267SOL-D8;1;b;Non
6267SOL-D9;1;a;Non
6267SOL-D9;1;b;Non
6267SOL-G1;1;a;Non
6267SOL-G10;1;a;Non
6267SOL-G10;1;b;Non
6267SOL-G11;1;a;Non
6267SOL-G12;1;a;Non
6267SOL-G12;1;b;Non
6267SOL-G13;1;a;Non
6267SOL-G14;1;a;Non
6267SOL-G15;1;a;Non
6267SOL-G16;1;a;Non
6267SOL-G16;1;b;Non
6267SOL-G17;1;a;Non
6267SOL-G18;1;a;Non
6267SOL-G19;1;a;Non
6267SOL-G19;1;b;Non
6267SOL-G2;1;a;Non
6267SOL-G2;1;b;Complete
6267SOL-G3;1;a;Non
6267SOL-G4;1;a;Non
6267SOL-G4;1;b;Non
6267SOL-G6;1;a;Non
6267SOL-G7;1;a;Non
6267SOL-G8;1;a;Non
6267SOL-G8;1;b;Non
6267SOL-G9;1;a;Non
6267SOL-G9;1;b;Non
6268SOL-D1;1;a;Non
6268SOL-D10;1;a;Non
6268SOL-D11;1;a;Non
6268SOL-D12;1;a;Non
6268SOL-D13;1;a;Non
6268SOL-D13;1;b;Non
6268SOL-D14;1;a;Non
6268SOL-D15;1;a;Non
6268SOL-D15;1;b;Non
6268SOL-D16;1;a;Non
6268SOL-D16;1;b;Non
6268SOL-D17;1;a;Non
6268SOL-D17;1;b;Non
6268SOL-D18;1;a;Non
6268SOL-D18;1;b;Non
6268SOL-D19;1;a;Non
6268SOL-D19;1;b;Non
6268SOL-D2;1;a;Non
6268SOL-D20;1;a;Non
6268SOL-D20;1;b;Non
6268SOL-D20;1;c;Non
6268SOL-D21;1;a;Non
6268SOL-D22;1;a;Non
6268SOL-D23;1;a;Non
6268SOL-D24;1;a;Non
6268SOL-D25;1;a;Non
6268SOL-D26;1;a;Non
6268SOL-D3;1;a;Non
6268SOL-D4;1;a;Partielle
6268SOL-D4;1;b;Non
6268SOL-D5;1;a;Non
6268SOL-D6;1;a;Non
6268SOL-D7;1;a;Non
6268SOL-D8;1;a;Non
6268SOL-D8;1;b;Non
6268SOL-D9;1;a;Non
6268SOL-G1;1;a;Non
6268SOL-G10;1;a;Non
6268SOL-G11;1;a;Non
6268SOL-G12;1;a;Non
6268SOL-G13;1;a;Non
6268SOL-G14;1;a;Non
6268SOL-G15;1;a;Non
6268SOL-G16;1;a;Non
6268SOL-G17;1;a;Non
6268SOL-G18;1;a;Non
6268SOL-G19;1;a;Non
6268SOL-G19;1;b;Non
6268SOL-G19;1;c;Non
6268SOL-G2;1;a;Non
6268SOL-G20;1;a;Non
6268SOL-G21;1;a;Non
6268SOL-G21;1;b;Non
6268SOL-G22;1;a;Partielle
6268SOL-G23;1;a;Non
6268SOL-G3;1;a;Non
6268SOL-G3;1;b;Non
6268SOL-G4;1;a;Non
6268SOL-G4;1;b;Non
6268SOL-G5;1;a;Non
6268SOL-G5;1;b;Non
6268SOL-G5;1;c;Non
6268SOL-G6;1;a;Non
6268SOL-G7;1;a;Non
6268SOL-G8;1;a;Non
6268SOL-G9;1;a;Non
6269SOL-D1;1;a;Non
6269SOL-D2;1;a;Non
6269SOL-D3;1;a;Non
6269SOL-D4;1;a;Non
6269SOL-G1;1;a;Non
6269SOL-G10;1;a;Non
6269SOL-G11;1;a;Non
6269SOL-G12;1;a;Non
6269SOL-G13;1;a;Non
6269SOL-G14;1;a;Non
6269SOL-G15;1;a;Non
6269SOL-G16;1;a;Non
6269SOL-G17;1;a;Non
6269SOL-G18;1;a;Non
6269SOL-G19;1;a;Non
6269SOL-G2;1;a;Non
6269SOL-G20;1;a;Non
6269SOL-G21;1;a;Non
6269SOL-G3;1;a;Non
6269SOL-G4;1;a;Non
6269SOL-G5;1;a;Non
6269SOL-G6;1;a;Non
6269SOL-G6;1;b;Non
6269SOL-G7;1;a;Non
6269SOL-G8;1;a;Non
6269SOL-G9;1;a;Non
6283SOL-D1;1;a;Non
6283SOL-D10;1;a;Non
6283SOL-D11;1;a;Non
6283SOL-D12;1;a;Non
6283SOL-D13;1;a;Non
6283SOL-D14;1;a;Non
6283SOL-D15;1;a;Non
6283SOL-D15;1;b;Non
6283SOL-D15;1;c;Non
6283SOL-D15;1;d;Non
6283SOL-D15;1;e;Non
6283SOL-D16;1;a;Non
6283SOL-D17;1;a;Non
6283SOL-D17;1;b;Non
6283SOL-D18;1;a;Complete
6283SOL-D18;1;b;Non
6283SOL-D18;1;c;Non
6283SOL-D19;1;a;Non
6283SOL-D2;1;a;Non
6283SOL-D20;1;a;Non
6283SOL-D21;1;a;Non
6283SOL-D3;1;a;Non
6283SOL-D4;1;a;Non
6283SOL-D4;1;b;Non
6283SOL-D4;1;c;Non
6283SOL-D5;1;a;Non
6283SOL-D5;1;b;Non
6283SOL-D6;1;a;Non
6283SOL-D7;1;a;Non
6283SOL-D8;1;a;Non
6283SOL-D8;1;b;Non
6283SOL-D8;1;c;Non
6283SOL-D9;1;a;Non
6283SOL-G1;1;a;Non
6283SOL-G1;1;b;Non
6283SOL-G10;1;a;Non
6283SOL-G10;1;b;Non
6283SOL-G11;1;a;Non
6283SOL-G12;1;a;Non
6283SOL-G12;1;b;Non
6283SOL-G12;1;c;Non
6283SOL-G12;1;d;Non
6283SOL-G13;1;a;Non
6283SOL-G14;1;a;Non
6283SOL-G14;1;b;Non
6283SOL-G16;1;a;Non
6283SOL-G17;1;a;Non
6283SOL-G18;1;a;Partielle
6283SOL-G18;1;b;Non
6283SOL-G19;1;a;Non
6283SOL-G2;1;a;Non
6283SOL-G20;1;a;Non
6283SOL-G21;1;a;Non
6283SOL-G3;1;a;Non
6283SOL-G3;1;b;Non
6283SOL-G4;1;a;Non
6283SOL-G4;1;b;Non
6283SOL-G5;1;a;Non
6283SOL-G6;1;a;Non
6283SOL-G7;1;a;Complete
6283SOL-G9;1;a;Non
6284SOL-D1;1;a;Non
6284SOL-D1;1;b;Non
6284SOL-D10;1;a;Non
6284SOL-D11;1;a;Non
6284SOL-D12;1;a;Non
6284SOL-D13;1;a;Non
6284SOL-D13;1;b;Non
6284SOL-D14;1;a;Partielle
6284SOL-D14;1;b;Partielle
6284SOL-D15;1;a;Non
6284SOL-D16;1;a;Non
6284SOL-D17;1;a;Non
6284SOL-D18;1;a;Non
6284SOL-D18;1;b;Non
6284SOL-D19;1;a;Non
6284SOL-D19;1;b;Non
6284SOL-D2;1;a;Non
6284SOL-D20;1;a;Non
6284SOL-D21;1;a;Non
6284SOL-D22;1;a;Non
6284SOL-D22;1;b;Non
6284SOL-D23;1;a;Partielle
6284SOL-D23;1;b;Non
6284SOL-D24;1;a;Non
6284SOL-D25;1;a;Non
6284SOL-D26;1;a;Partielle
6284SOL-D3;1;a;Non
6284SOL-D4;1;a;Non
6284SOL-D4;1;b;Non
6284SOL-D5;1;a;Non
6284SOL-D6;1;a;Non
6284SOL-D7;1;a;Non
6284SOL-D8;1;a;Non
6284SOL-D8;1;b;Non
6284SOL-D8;1;c;Non
6284SOL-D9;1;a;Non
6284SOL-G1;1;a;Non
6284SOL-G1;1;b;Non
6284SOL-G10;1;a;Non
6284SOL-G11;1;a;Partielle
6284SOL-G12;1;a;Non
6284SOL-G13;1;a;Non
6284SOL-G13;1;b;Non
6284SOL-G14;1;a;Non
6284SOL-G15;1;a;Non
6284SOL-G15;1;b;Non
6284SOL-G16;1;a;Partielle
6284SOL-G16;1;b;Non
6284SOL-G17;1;a;Non
6284SOL-G18;1;a;Non
6284SOL-G18;1;b;Non
6284SOL-G2;1;a;Non
6284SOL-G3;1;a;Non
6284SOL-G4;1;a;Partielle
6284SOL-G5;1;a;Non
6284SOL-G6;1;a;Non
6284SOL-G7;1;a;Non
6284SOL-G8;1;a;Non
6284SOL-G9;1;a;Non
6284SOL-G9;1;b;Non
6285SOL-D1;1;a;Non
6285SOL-D10;1;a;Non
6285SOL-D11;1;a;Non
6285SOL-D12;1;a;Non
6285SOL-D12;1;b;Non
6285SOL-D13;1;a;Non
6285SOL-D14;1;a;Non
6285SOL-D15;1;a;Non
6285SOL-D16;1;a;Non
6285SOL-D16;1;b;Non
6285SOL-D17;1;a;Non
6285SOL-D17;1;b;Non
6285SOL-D18;1;a;Non
6285SOL-D19;1;a;Non
6285SOL-D2;1;a;Non
6285SOL-D20;1;a;Non
6285SOL-D21;1;a;Non
6285SOL-D22;1;a;Non
6285SOL-D23;1;a;Non
6285SOL-D24;1;a;Non
6285SOL-D24;1;b;Non
6285SOL-D3;1;a;Non
6285SOL-D4;1;a;Non
6285SOL-D5;1;a;Non
6285SOL-D6;1;a;Non
6285SOL-D7;1;a;Non
6285SOL-D8;1;a;Non
6285SOL-D9;1;a;Non
6285SOL-D9;1;b;Non
6285SOL-G1;1;a;Non
6285SOL-G10;1;a;Non
6285SOL-G11;1;a;Non
6285SOL-G11;1;b;Non
6285SOL-G12;1;a;Non
6285SOL-G13;1;a;Non
6285SOL-G13;1;b;Non
6285SOL-G13;1;c;Non
6285SOL-G14;1;a;Non
6285SOL-G15;1;a;Non
6285SOL-G16;1;a;Non
6285SOL-G16;1;b;Non
6285SOL-G16;1;c;Non
6285SOL-G17;1;a;Non
6285SOL-G18;1;a;Non
6285SOL-G19;1;a;Non
6285SOL-G2;1;a;Non
6285SOL-G20;1;a;Non
6285SOL-G21;1;a;Non
6285SOL-G22;1;a;Non
6285SOL-G23;1;a;Non
6285SOL-G24;1;a;Non
6285SOL-G25;1;a;Non
6285SOL-G3;1;a;Non
6285SOL-G4;1;a;Non
6285SOL-G5;1;a;Non
6285SOL-G6;1;a;Non
6285SOL-G7;1;a;Non
6285SOL-G8;1;a;Non
6285SOL-G9;1;a;Non
6285SOL-G9;1;b;Non
6412EDL-G1;1;a;Complete
6412EDL-G10;1;a;Complete
6412EDL-G10;1;b;Complete
6412EDL-G11;1;a;Complete
6412EDL-G11;1;b;Complete
6412EDL-G12;1;a;Complete
6412EDL-G13;1;a;Complete
6412EDL-G14;1;a;Complete
6412EDL-G15;1;a;Complete
6412EDL-G15;1;b;Complete
6412EDL-G16;1;a;Complete
6412EDL-G16;1;b;Complete
6412EDL-G17;1;a;Complete
6412EDL-G18;1;a;Complete
6412EDL-G18;1;b;Complete
6412EDL-G19;1;a;Complete
6412EDL-G19;1;b;Complete
6412EDL-G19;1;c;Complete
6412EDL-G2;1;a;Complete
6412EDL-G3;1;a;Complete
6412EDL-G4;1;a;Partielle
6412EDL-G5;1;a;Partielle
6412EDL-G6;1;a;Partielle
6412EDL-G6;1;b;Partielle
6412EDL-G7;1;a;Partielle
6412EDL-G7;1;b;Partielle
6412EDL-G8;1;a;Complete
6412EDL-G9;1;a;Complete
6412EDL-G9;1;b;Complete
6414EDL-G1;1;a;Non
6414EDL-G10;1;a;Non
6414EDL-G11;1;a;Complete
6414EDL-G11;1;b;Non
6414EDL-G12;1;a;Partielle
6414EDL-G13;1;a;Non
6414EDL-G14;1;a;Partielle
6414EDL-G15;1;a;Non
6414EDL-G16;1;a;Non
6414EDL-G17;1;a;Complete
6414EDL-G18;1;a;Complete
6414EDL-G19;1;a;Non
6414EDL-G2;1;a;Non
6414EDL-G20;1;a;Non
6414EDL-G3;1;a;Partielle
6414EDL-G3;1;b;Non
6414EDL-G3;1;c;Non
6414EDL-G4;1;a;Non
6414EDL-G5;1;a;Non
6414EDL-G6;1;a;Non
6414EDL-G6;1;b;Non
6414EDL-G7;1;a;Non
6414EDL-G8;1;a;Non
6414EDL-G9;1;a;Non
6416EDL-G1;1;a;Non
6416EDL-G1;1;b;Non
6416EDL-G10;1;a;Non
6416EDL-G11;1;a;Non
6416EDL-G12;1;a;Non
6416EDL-G13;1;a;Non
6416EDL-G14;1;a;Non
6416EDL-G15;1;a;Non
6416EDL-G15;1;b;Non
6416EDL-G16;1;a;Non
6416EDL-G2;1;a;Non
6416EDL-G3;1;a;Non
6416EDL-G4;1;a;Non
6416EDL-G4;1;b;Non
6416EDL-G4;1;c;Non
6416EDL-G5;1;a;Non
6416EDL-G5;1;b;Non
6416EDL-G5;1;c;Non
6416EDL-G6;1;a;Non
6416EDL-G6;1;b;Non
6416EDL-G7;1;a;Non
6416EDL-G8;1;a;Non
6416EDL-G9;1;a;Non
6418EDL-G1;1;a;Non
6418EDL-G10;1;a;Non
6418EDL-G10;1;b;Non
6418EDL-G2;1;a;Complete
6418EDL-G3;1;a;Partielle
6418EDL-G4;1;a;Complete
6418EDL-G4;1;b;Complete
6418EDL-G5;1;a;Partielle
6418EDL-G6;1;a;Partielle
6418EDL-G7;1;a;Partielle
6418EDL-G7;1;b;Partielle
6418EDL-G7;1;c;Non
6418EDL-G8;1;a;Non
6418EDL-G9;1;a;Non
6434EDL-D1;1;a;Partielle
6434EDL-D10;1;a;Non
6434EDL-D11;1;a;Non
6434EDL-D12;1;a;Non
6434EDL-D13;1;a;Non
6434EDL-D14;1;a;Non
6434EDL-D15;1;a;Non
6434EDL-D16;1;a;Non
6434EDL-D16;1;b;Non
6434EDL-D17;1;a;Non
6434EDL-D2;1;a;Non
6434EDL-D3;1;a;Non
6434EDL-D3;1;b;Non
6434EDL-D3;1;c;Non
6434EDL-D4;1;a;Partielle
6434EDL-D5;1;a;Non
6434EDL-D6;1;a;Non
6434EDL-D7;1;a;Non
6434EDL-D8;1;a;Non
6434EDL-D9;1;a;Non
6434EDL-D9;1;b;Non
6435EDL-D1;1;a;Non
6435EDL-D1;1;b;Non
6435EDL-D10;1;a;Complete
6435EDL-D11;1;a;Non
6435EDL-D12;1;a;Non
6435EDL-D12;1;b;Non
6435EDL-D12;1;c;Non
6435EDL-D12;1;d;Partielle
6435EDL-D13;1;a;Non
6435EDL-D13;1;b;Non
6435EDL-D14;1;a;Non
6435EDL-D14;1;b;Non
6435EDL-D14;1;c;Non
6435EDL-D15;1;a;Non
6435EDL-D16;1;a;Non
6435EDL-D17;1;a;Non
6435EDL-D2;1;a;Non
6435EDL-D4;1;a;Non
6435EDL-D4;1;b;Non
6435EDL-D4;1;c;Non
6435EDL-D5;1;a;Non
6435EDL-D6;1;a;Partielle
6435EDL-D7;1;a;Non
6435EDL-D8;1;a;Non
6435EDL-D9;1;a;Partielle
7726EDL-G1;1;a;Non
7726EDL-G10;1;a;Non
7726EDL-G11;1;a;Non
7726EDL-G11;1;b;Non
7726EDL-G11;1;c;Non
7726EDL-G12;1;a;Non
7726EDL-G13;1;a;Non
7726EDL-G14;1;a;Non
7726EDL-G14;1;b;Non
7726EDL-G15;1;a;Non
7726EDL-G15;1;b;Non
7726EDL-G16;1;a;Non
7726EDL-G16;1;b;Non
7726EDL-G16;1;c;Non
7726EDL-G2;1;a;Partielle
7726EDL-G2;1;b;Non
7726EDL-G2;1;c;Non
7726EDL-G3;1;a;Partielle
7726EDL-G3;1;b;Non
7726EDL-G3;1;c;Non
7726EDL-G4;1;a;Non
7726EDL-G5;1;a;Non
7726EDL-G5;1;b;Partielle
7726EDL-G6;1;a;Non
7726EDL-G6;1;b;Partielle
7726EDL-G6;1;c;Partielle
7726EDL-G7;1;a;Non
7726EDL-G8;1;a;Partielle
7726EDL-G8;1;b;Non
7726EDL-G9;1;a;Non
7736EDL-G1;1;a;Partielle
7736EDL-G1;1;b;Partielle
7736EDL-G2;1;a;Partielle
7736EDL-G3;1;a;Complete
7736EDL-G4;1;a;Non
7736EDL-G4;1;b;Partielle
7736EDL-G5;1;a;Partielle
7736EDL-G6;1;a;Partielle
7736EDL-G7;1;a;Complete
7736EDL-G8;1;a;Non
7736EDL-G8;1;b;Non
7736EDL-G9;1;a;Non
7736EDL-G9;1;b;Non
7736EDL-G9;1;c;Non
7738EDL-D1;1;a;Partielle
7738EDL-D10;1;a;Complete
7738EDL-D10;1;b;Complete
7738EDL-D11;1;a;Non
7738EDL-D11;1;b;Non
7738EDL-D2;1;a;Partielle
7738EDL-D2;1;b;Partielle
7738EDL-D3;1;a;Non
7738EDL-D4;1;a;Partielle
7738EDL-D4;1;b;Non
7738EDL-D5;1;a;Complete
7738EDL-D5;1;b;Complete
7738EDL-D6;1;a;Complete
7738EDL-D6;1;b;Complete
7738EDL-D7;1;a;Complete
7738EDL-D7;1;b;Complete
7738EDL-D8;1;a;Complete
7738EDL-D9;1;a;Partielle
7745EDL-G1;1;a;Non
7745EDL-G10;1;a;Non
7745EDL-G11;1;a;Non
7745EDL-G11;1;b;Non
7745EDL-G12;1;a;Non
7745EDL-G12;1;b;Non
7745EDL-G13;1;a;Non
7745EDL-G14;1;a;Non
7745EDL-G15;1;a;Non
7745EDL-G15;1;b;Non
7745EDL-G16;1;a;Non
7745EDL-G17;1;a;Non
7745EDL-G2;1;a;Non
7745EDL-G3;1;a;Non
7745EDL-G4;1;a;Non
7745EDL-G5;1;a;Non
7745EDL-G5;1;b;Non
7745EDL-G6;1;a;Non
7745EDL-G7;1;a;Non
7745EDL-G8;1;a;Non
7745EDL-G9;1;a;Non
7745EDL-G9;1;b;Non
7753EDL-G1;1;a;Partielle
7753EDL-G10;1;a;Partielle
7753EDL-G10;1;b;Partielle
7753EDL-G10;1;c;Partielle
7753EDL-G11;1;a;Partielle
7753EDL-G12;1;a;Non
7753EDL-G12;1;b;Partielle
7753EDL-G12;1;c;Non
7753EDL-G13;1;a;Partielle
7753EDL-G13;1;b;Partielle
7753EDL-G14;1;a;Partielle
7753EDL-G15;1;a;Partielle
7753EDL-G15;1;b;Partielle
7753EDL-G16;1;a;Partielle
7753EDL-G16;1;b;Complete
7753EDL-G17;1;a;Non
7753EDL-G17;1;b;Non
7753EDL-G17;1;c;Partielle
7753EDL-G17;1;d;Partielle
7753EDL-G2;1;a;Partielle
7753EDL-G3;1;a;Partielle
7753EDL-G3;1;b;Partielle
7753EDL-G3;1;c;Partielle
7753EDL-G4;1;a;Complete
7753EDL-G5;1;a;Complete
7753EDL-G5;1;b;Complete
7753EDL-G6;1;a;Complete
7753EDL-G6;1;b;Complete
7753EDL-G7;1;a;Complete
7753EDL-G7;1;b;Complete
7753EDL-G8;1;a;Complete
7753EDL-G9;1;a;Non
7753EDL-G9;1;b;Partielle
7754EDL-G1;1;a;Non
7754EDL-G10;1;a;Non
7754EDL-G11;1;a;Non
7754EDL-G12;1;a;Non
7754EDL-G13;1;a;Non
7754EDL-G16;1;b;Non
7754EDL-G17;1;a;Complete
7754EDL-G17;1;b;Non
7754EDL-G18;1;a;Non
7754EDL-G2;1;a;Non
7754EDL-G2;1;b;Non
7754EDL-G2;1;c;Non
7754EDL-G2;1;d;Non
7754EDL-G3;1;a;Complete
7754EDL-G4;1;a;Non
7754EDL-G5;1;a;Non
7754EDL-G6;1;a;Non
7754EDL-G7;1;a;Non
7754EDL-G8;1;a;Non
7754EDL-G9;1;a;Non
7754EDL-G9;1;b;Non
7754EDL-G9;1;c;Non
7771EDL-D1;1;a;Complete
7771EDL-D1;1;b;Complete
7771EDL-D1;1;c;Partielle
7771EDL-D10;1;a;Partielle
7771EDL-D11;1;a;Partielle
7771EDL-D11;1;b;Complete
7771EDL-D12;1;a;Complete
7771EDL-D12;1;b;Complete
7771EDL-D13;1;a;Complete
7771EDL-D13;1;b;Complete
7771EDL-D14;1;a;Complete
7771EDL-D14;1;b;Complete
7771EDL-D14;1;c;Complete
7771EDL-D14;1;d;Complete
7771EDL-D15;1;a;Complete
7771EDL-D16;1;a;Partielle
7771EDL-D17;1;a;Partielle
7771EDL-D17;1;b;Partielle
7771EDL-D17;1;c;Partielle
7771EDL-D17;1;d;Partielle
7771EDL-D18;1;a;Complete
7771EDL-D18;1;b;Complete
7771EDL-D19;1;a;Complete
7771EDL-D19;1;b;Complete
7771EDL-D19;1;c;Complete
7771EDL-D19;1;d;Complete
7771EDL-D19;1;e;Complete
7771EDL-D2;1;a;Partielle
7771EDL-D2;1;b;Complete
7771EDL-D3;1;a;Partielle
7771EDL-D3;1;b;Non
7771EDL-D4;1;a;Complete
7771EDL-D4;1;b;Complete
7771EDL-D5;1;a;Complete
7771EDL-D5;1;b;Complete
7771EDL-D5;1;c;Complete
7771EDL-D6;1;a;Complete
7771EDL-D6;1;b;Partielle
7771EDL-D6;1;c;Complete
7771EDL-D7;1;a;Complete
7771EDL-D7;1;b;Complete
7771EDL-D8;1;a;Complete
7771EDL-D9;1;a;Complete
7771EDL-D9;1;b;Complete
7771EDL-D9;1;c;Complete
7789EDL-G1;1;a;Non
7789EDL-G1;1;b;Non
7789EDL-G10;1;a;Non
7789EDL-G10;1;b;Non
7789EDL-G11;1;a;Non
7789EDL-G12;1;a;Non
7789EDL-G12;1;b;Non
7789EDL-G13;1;a;Non
7789EDL-G14;1;a;Non
7789EDL-G14;1;b;Non
7789EDL-G15;1;a;Non
7789EDL-G15;1;b;Non
7789EDL-G16;1;a;Non
7789EDL-G16;1;b;Non
7789EDL-G16;1;c;Non
7789EDL-G17;1;a;Non
7789EDL-G18;1;a;Non
7789EDL-G18;1;b;Non
7789EDL-G19;1;a;Non
7789EDL-G19;1;b;Partielle
7789EDL-G19;1;c;Non
7789EDL-G2;1;a;Non
7789EDL-G20;1;a;Non
7789EDL-G20;1;b;Non
7789EDL-G3;1;a;Non
7789EDL-G4;1;a;Non
7789EDL-G5;1;a;Non
7789EDL-G5;1;b;Non
7789EDL-G5;1;c;Non
7789EDL-G6;1;a;Non
7789EDL-G7;1;a;Non
7789EDL-G8;1;a;Non
7789EDL-G8;1;b;Non
7789EDL-G9;1;a;Non
7789EDL-G9;1;b;Non
7903EDL-G1;1;a;Non
7903EDL-G1;1;b;Non
7903EDL-G10;1;a;Non
7903EDL-G11;1;a;Non
7903EDL-G11;1;b;Non
7903EDL-G12;1;a;Non
7903EDL-G12;1;b;Non
7903EDL-G13;1;a;Non
7903EDL-G14;1;a;Non
7903EDL-G14;1;b;Non
7903EDL-G14;1;c;Non
7903EDL-G15;1;a;Non
7903EDL-G15;1;b;Non
7903EDL-G15;1;c;Non
7903EDL-G2;1;a;Non
7903EDL-G3;1;a;Non
7903EDL-G3;1;b;Non
7903EDL-G4;1;a;Non
7903EDL-G5;1;a;Non
7903EDL-G6;1;a;Non
7903EDL-G7;1;a;Non
7903EDL-G7;1;b;Non
7903EDL-G8;1;a;Non
7903EDL-G9;1;a;Non
7903EDL-G9;1;b;Non
7906EDL-G1;1;a;Partielle
7906EDL-G10;1;a;Complete
7906EDL-G10;1;b;Complete
7906EDL-G11;1;a;Complete
7906EDL-G11;1;b;Complete
7906EDL-G12;1;a;Complete
7906EDL-G12;1;b;Partielle
7906EDL-G12;1;c;Complete
7906EDL-G14;1;a;Complete
7906EDL-G15;1;a;Partielle
7906EDL-G15;1;b;Complete
7906EDL-G15;1;c;Complete
7906EDL-G15;1;d;Complete
7906EDL-G15;1;e;Complete
7906EDL-G16;1;a;Complete
7906EDL-G16;1;b;Complete
7906EDL-G16;1;c;Complete
7906EDL-G17;1;a;Partielle
7906EDL-G17;1;b;Partielle
7906EDL-G17;1;c;Partielle
7906EDL-G17;1;d;Partielle
7906EDL-G17;1;e;Partielle
7906EDL-G17;1;f;Partielle
7906EDL-G17;1;g;Partielle
7906EDL-G17;1;h;Partielle
7906EDL-G2;1;a;Partielle
7906EDL-G3;1;a;Complete
7906EDL-G3;1;b;Complete
7906EDL-G5;1;a;Complete
7906EDL-G5;1;b;Complete
7906EDL-G5;1;c;Complete
7906EDL-G5;1;d;Complete
7906EDL-G6;1;a;Complete
7906EDL-G6;1;b;Complete
7906EDL-G7;1;a;Complete
7906EDL-G7;1;b;Complete
7906EDL-G8;1;a;Complete
7906EDL-G8;1;a;Complete
7906EDL-G8;1;b;Complete
7906EDL-G8;1;b;Complete
7906EDL-G8;1;c;Complete
7906EDL-G8;1;d;Complete
7906EDL-G8;1;e;Complete
7906EDL-G9;1;a;Complete
7924EDL-G1;1;a;Non
7924EDL-G10;1;a;Partielle
7924EDL-G11;1;a;Non
7924EDL-G12;1;a;Non
7924EDL-G13;1;a;Non
7924EDL-G13;1;b;Non
7924EDL-G14;1;a;Non
7924EDL-G15;1;a;Non
7924EDL-G15;1;b;Non
7924EDL-G16;1;a;Non
7924EDL-G17;1;a;Non
7924EDL-G2;1;a;Non
7924EDL-G2;1;b;Non
7924EDL-G3;1;a;Non
7924EDL-G4;1;a;Non
7924EDL-G5;1;a;Non
7924EDL-G5;1;b;Non
7924EDL-G6;1;a;Non
7924EDL-G6;1;b;Non
7924EDL-G7;1;a;Non
7924EDL-G8;1;a;Non
7924EDL-G9;1;a;Non
7924EDL-G9;1;b;Non
7925EDL-G1;1;a;Complete
7925EDL-G10;1;a;Partielle
7925EDL-G11;1;a;Complete
7925EDL-G12;1;a;Complete
7925EDL-G13;1;a;Complete
7925EDL-G13;1;b;Complete
7925EDL-G2;1;a;Complete
7925EDL-G2;1;b;Complete
7925EDL-G2;1;c;Complete
7925EDL-G3;1;a;Complete
7925EDL-G4;1;a;Complete
7925EDL-G4;1;b;Complete
7925EDL-G4;1;c;Complete
7925EDL-G5;1;a;Complete
7925EDL-G6;1;a;Complete
7925EDL-G7;1;a;Complete
7925EDL-G8;1;a;Complete
7925EDL-G9;1;a;Partielle
7927SOL-D1;1;a;Non
7927SOL-D1;1;b;Non
7927SOL-D1;1;c;Non
7927SOL-D10;1;a;Non
7927SOL-D11;1;a;Non
7927SOL-D12;1;a;Non
7927SOL-D12;1;b;Non
7927SOL-D12;1;c;Non
7927SOL-D13;1;a;Non
7927SOL-D13;1;b;Non
7927SOL-D14;1;a;Non
7927SOL-D15;1;a;Non
7927SOL-D16;1;a;Non
7927SOL-D16;1;b;Non
7927SOL-D17;1;a;Non
7927SOL-D18;1;a;Non
7927SOL-D18;1;b;Non
7927SOL-D19;1;a;Non
7927SOL-D19;1;b;Non
7927SOL-D2;1;a;Non
7927SOL-D2;1;b;Non
7927SOL-D20;1;a;Non
7927SOL-D21;1;a;Non
7927SOL-D21;1;b;Non
7927SOL-D22;1;a;Non
7927SOL-D23;1;a;Non
7927SOL-D23;1;b;Non
7927SOL-D24;1;a;Non
7927SOL-D3;1;a;Non
7927SOL-D3;1;b;Non
7927SOL-D4;1;a;Non
7927SOL-D5;1;a;Non
7927SOL-D5;1;b;Non
7927SOL-D6;1;a;Non
7927SOL-D6;1;b;Non
7927SOL-D6;1;c;Non
7927SOL-D7;1;a;Non
7927SOL-D7;1;b;Non
7927SOL-D8;1;a;Non
7927SOL-D9;1;a;Non
7927SOL-G1;1;a;Non
7927SOL-G10;1;a;Non
7927SOL-G10;1;b;Non
7927SOL-G11;1;a;Partielle
7927SOL-G12;1;a;Non
7927SOL-G13;1;a;Non
7927SOL-G14;1;a;Non
7927SOL-G15;1;a;Non
7927SOL-G15;1;b;Non
7927SOL-G16;1;a;Non
7927SOL-G17;1;a;Non
7927SOL-G17;1;b;Non
7927SOL-G18;1;a;Non
7927SOL-G19;1;a;Non
7927SOL-G19;1;b;Non
7927SOL-G2;1;a;Non
7927SOL-G20;1;a;Non
7927SOL-G21;1;a;Non
7927SOL-G22;1;a;Non
7927SOL-G22;1;b;Non
7927SOL-G23;1;a;Non
7927SOL-G24;1;a;Non
7927SOL-G25;1;a;Non
7927SOL-G26;1;a;Non
7927SOL-G27;1;a;Non
7927SOL-G28;1;a;Non
7927SOL-G28;1;b;Non
7927SOL-G3;1;a;Non
7927SOL-G4;1;a;Non
7927SOL-G5;1;a;Partielle
7927SOL-G5;1;b;Non
7927SOL-G6;1;a;Non
7927SOL-G6;1;b;Non
7927SOL-G7;1;a;Non
7927SOL-G8;1;a;Non
7927SOL-G8;1;b;Non
7927SOL-G9;1;a;Non
7928SOL-D1;1;a;Non
7928SOL-D10;1;a;Non
7928SOL-D10;1;b;Non
7928SOL-D11;1;a;Non
7928SOL-D11;1;b;Non
7928SOL-D12;1;a;Non
7928SOL-D13;1;a;Non
7928SOL-D14;1;a;Non
7928SOL-D14;1;b;Non
7928SOL-D15;1;a;Partielle
7928SOL-D16;1;a;Non
7928SOL-D17;1;a;Non
7928SOL-D18;1;a;Non
7928SOL-D19;1;a;Non
7928SOL-D2;1;a;Partielle
7928SOL-D20;1;a;Non
7928SOL-D21;1;a;Non
7928SOL-D22;1;a;Non
7928SOL-D22;1;b;Partielle
7928SOL-D23;1;a;Non
7928SOL-D24;1;a;Non
7928SOL-D24;1;b;Non
7928SOL-D24;1;c;Non
7928SOL-D25;1;a;Non
7928SOL-D26;1;a;Non
7928SOL-D26;1;b;Non
7928SOL-D27;1;a;Non
7928SOL-D27;1;b;Complete
7928SOL-D28;1;a;Non
7928SOL-D3;1;a;Non
7928SOL-D3;1;b;Non
7928SOL-D4;1;a;Non
7928SOL-D5;1;a;Non
7928SOL-D6;1;a;Complete
7928SOL-D7;1;a;Non
7928SOL-D7;1;b;Non
7928SOL-D8;1;a;Non
7928SOL-D9;1;a;Non
7928SOL-G1;1;a;Non
7928SOL-G10;1;a;Non
7928SOL-G11;1;a;Partielle
7928SOL-G12;1;a;Non
7928SOL-G12;1;b;Non
7928SOL-G12;1;c;Non
7928SOL-G13;1;a;Non
7928SOL-G14;1;a;Non
7928SOL-G14;1;b;Non
7928SOL-G15;1;a;Non
7928SOL-G16;1;a;Non
7928SOL-G16;1;b;Non
7928SOL-G17;1;a;Non
7928SOL-G17;1;b;Non
7928SOL-G18;1;a;Non
7928SOL-G18;1;b;Non
7928SOL-G19;1;a;Non
7928SOL-G2;1;a;Non
7928SOL-G2;1;b;Partielle
7928SOL-G2;1;c;Non
7928SOL-G3;1;a;Non
7928SOL-G4;1;a;Non
7928SOL-G4;1;b;Non
7928SOL-G5;1;a;Non
7928SOL-G6;1;a;Non
7928SOL-G6;1;b;Non
7928SOL-G7;1;a;Non
7928SOL-G8;1;a;Non
7942SOL-D1;1;a;Non
7942SOL-D1;1;b;Non
7942SOL-D10;1;a;Non
7942SOL-D10;1;b;Non
7942SOL-D11;1;a;Partielle
7942SOL-D2;1;a;Non
7942SOL-D2;1;b;Non
7942SOL-D3;1;a;Non
7942SOL-D3;1;b;Non
7942SOL-D3;1;c;Non
7942SOL-D4;1;a;Non
7942SOL-D4;1;b;Non
7942SOL-D5;1;a;Complete
7942SOL-D6;1;a;Non
7942SOL-D6;1;b;Non
7942SOL-D6;1;c;Non
7942SOL-D7;1;a;Non
7942SOL-D7;1;b;Non
7942SOL-D7;1;c;Non
7942SOL-D7;1;d;Non
7942SOL-D7;1;e;Non
7942SOL-D7;1;f;Non
7942SOL-D8;1;a;Non
7942SOL-D8;1;b;Non
7942SOL-D9;1;a;Non
7942SOL-D9;1;b;Non
7942SOL-D9;1;c;Non
7942SOL-G1;1;a;Non
7942SOL-G10;1;a;Non
7942SOL-G11;1;a;Non
7942SOL-G11;1;b;Non
7942SOL-G11;1;c;Non
7942SOL-G11;1;d;Non
7942SOL-G11;1;e;Non
7942SOL-G12;1;a;Non
7942SOL-G12;1;b;Non
7942SOL-G12;1;c;Non
7942SOL-G12;1;d;Non
7942SOL-G12;1;e;Non
7942SOL-G2;1;a;Non
7942SOL-G2;1;b;Non
7942SOL-G3;1;a;Non
7942SOL-G3;1;b;Complete
7942SOL-G4;1;a;Complete
7942SOL-G4;1;b;Non
7942SOL-G5;1;a;Complete
7942SOL-G5;1;b;Complete
7942SOL-G6;1;a;Complete
7942SOL-G6;1;b;Complete
7942SOL-G6;1;c;Non
7942SOL-G7;1;a;Complete
7942SOL-G8;1;a;Non
7942SOL-G9;1;a;Non
7942SOL-G9;1;b;Non
7945SOL-D1;1;a;Non
7945SOL-D10;1;a;Non
7945SOL-D10;1;b;Non
7945SOL-D11;1;a;Non
7945SOL-D12;1;a;Non
7945SOL-D13;1;a;Non
7945SOL-D13;1;b;Non
7945SOL-D13;1;c;Non
7945SOL-D13;1;d;Non
7945SOL-D14;1;a;Non
7945SOL-D15;1;a;Non
7945SOL-D15;1;b;Non
7945SOL-D16;1;a;Non
7945SOL-D17;1;a;Non
7945SOL-D18;1;a;Non
7945SOL-D18;1;b;Non
7945SOL-D19;1;a;Non
7945SOL-D19;1;b;Non
7945SOL-D2;1;a;Non
7945SOL-D2;1;b;Non
7945SOL-D20;1;a;Non
7945SOL-D20;1;b;Non
7945SOL-D21;1;a;Non
7945SOL-D21;1;b;Non
7945SOL-D22;1;a;Non
7945SOL-D23;1;a;Partielle
7945SOL-D23;1;b;Partielle
7945SOL-D24;1;a;Non
7945SOL-D24;1;b;Non
7945SOL-D3;1;a;Partielle
7945SOL-D4;1;a;Non
7945SOL-D5;1;a;Non
7945SOL-D5;1;b;Non
7945SOL-D6;1;a;Non
7945SOL-D7;1;a;Non
7945SOL-D8;1;a;Non
7945SOL-D9;1;a;Non
7945SOL-G1;1;a;Non
7945SOL-G10;1;a;Non
7945SOL-G10;1;b;Partielle
7945SOL-G10;1;c;Non
7945SOL-G11;1;a;Non
7945SOL-G12;1;a;Non
7945SOL-G13;1;a;Non
7945SOL-G13;1;b;Non
7945SOL-G14;1;a;Non
7945SOL-G15;1;a;Non
7945SOL-G16;1;a;Non
7945SOL-G2;1;a;Non
7945SOL-G3;1;a;Non
7945SOL-G3;1;b;Partielle
7945SOL-G3;1;c;Non
7945SOL-G4;1;a;Partielle
7945SOL-G5;1;a;Non
7945SOL-G5;1;b;Non
7945SOL-G5;1;c;Non
7945SOL-G6;1;a;Non
7945SOL-G6;1;b;Non
7945SOL-G6;1;c;Non
7945SOL-G7;1;a;Non
7945SOL-G8;1;a;Non
7945SOL-G9;1;a;Non
7945SOL-G9;1;b;Non
7964SOL-D1;1;a;Non
7964SOL-D1;1;b;Non
7964SOL-D10;1;a;Non
7964SOL-D11;1;a;Non
7964SOL-D13;1;a;Non
7964SOL-D13;1;b;Non
7964SOL-D15;1;a;Non
7964SOL-D17;1;a;Non
7964SOL-D17;1;b;Non
7964SOL-D17;1;c;Non
7964SOL-D2;1;a;Non
7964SOL-D3;1;a;Non
7964SOL-D4;1;a;Non
7964SOL-D5;1;a;Non
7964SOL-D5;1;b;Partielle
7964SOL-D6;1;b;Non
7964SOL-D7;1;a;Non
7964SOL-D7;1;b;Non
7964SOL-D8;1;a;Non
7964SOL-D8;1;b;Non
7964SOL-D9;1;a;Non
7964SOL-G1;1;a;Non
7964SOL-G1;1;b;Non
7964SOL-G1;1;c;Non
7964SOL-G10;1;a;Non
7964SOL-G11;1;a;Non
7964SOL-G12;1;a;Non
7964SOL-G12;1;b;Non
7964SOL-G13;1;a;Non
7964SOL-G14;1;a;Non
7964SOL-G15;1;a;Non
7964SOL-G15;1;b;Non
7964SOL-G15;1;c;Non
7964SOL-G16;1;a;Non
7964SOL-G2;1;a;Non
7964SOL-G3;1;a;Non
7964SOL-G4;1;a;Non
7964SOL-G5;1;a;Non
7964SOL-G6;1;a;Non
7964SOL-G7;1;a;Non
7964SOL-G8;1;a;Non
7964SOL-G9;1;a;Non
7964SOL-G9;1;b;Non
7968SOL-D1;1;a;Non
7968SOL-D10;1;a;Non
7968SOL-D11;1;a;Non
7968SOL-D12;1;a;Non
7968SOL-D13;1;a;Non
7968SOL-D14;1;a;Non
7968SOL-D14;1;b;Non
7968SOL-D15;1;a;Non
7968SOL-D15;1;b;Non
7968SOL-D16;1;a;Non
7968SOL-D16;1;b;Non
7968SOL-D17;1;a;Non
7968SOL-D17;1;b;Non
7968SOL-D18;1;a;Non
7968SOL-D19;1;a;Non
7968SOL-D19;1;b;Non
7968SOL-D2;1;a;Non
7968SOL-D20;1;a;Non
7968SOL-D3;1;a;Non
7968SOL-D4;1;a;Non
7968SOL-D5;1;a;Non
7968SOL-D5;1;b;Non
7968SOL-D6;1;a;Non
7968SOL-D7;1;a;Non
7968SOL-D8;1;a;Non
7968SOL-D9;1;a;Non
7968SOL-D9;1;b;Non
7968SOL-D9;1;c;Non
7968SOL-G1;1;a;Non
7968SOL-G1;1;b;Non
7968SOL-G10;1;a;Non
7968SOL-G10;1;b;Non
7968SOL-G10;1;c;Non
7968SOL-G11;1;a;Partielle
7968SOL-G12;1;a;Non
7968SOL-G12;1;b;Non
7968SOL-G13;1;a;Non
7968SOL-G13;1;b;Non
7968SOL-G14;1;a;Non
7968SOL-G15;1;a;Non
7968SOL-G15;1;b;Non
7968SOL-G16;1;a;Non
7968SOL-G17;1;a;Non
7968SOL-G17;1;b;Non
7968SOL-G18;1;b;Non
7968SOL-G19;1;a;Non
7968SOL-G19;1;b;Non
7968SOL-G2;1;a;Non
7968SOL-G20;1;a;Non
7968SOL-G3;1;a;Non
7968SOL-G4;1;a;Partielle
7968SOL-G4;1;b;Non
7968SOL-G5;1;a;Non
7968SOL-G6;1;a;Non
7968SOL-G7;1;a;Non
7968SOL-G8;1;a;Non
7968SOL-G9;1;a;Non
7968SOL-G9;1;b;Non
7968SOL-G9;1;c;Non
7973SOL-D1;1;a;Non
7973SOL-D1;1;b;Complete
7973SOL-D1;1;c;Non
7973SOL-D1;1;d;Non
7973SOL-D10;1;a;Non
7973SOL-D11;1;a;Non
7973SOL-D11;1;b;Non
7973SOL-D11;1;c;Non
7973SOL-D2;1;a;Non
7973SOL-D3;1;a;Non
7973SOL-D4;1;a;Non
7973SOL-D5;1;a;Non
7973SOL-D6;1;a;Non
7973SOL-D6;1;b;Non
7973SOL-D6;1;c;Non
7973SOL-D6;1;d;Non
7973SOL-D7;1;a;Non
7973SOL-D8;1;a;Non
7973SOL-D9;1;a;Non
7973SOL-G1;1;a;Non
7973SOL-G1;1;b;Non
7973SOL-G1;1;c;Non
7973SOL-G1;1;d;Non
7973SOL-G11;1;a;Non
7973SOL-G12;1;a;Non
7973SOL-G13;1;a;Non
7973SOL-G13;1;b;Non
7973SOL-G13;1;c;Non
7973SOL-G14;1;a;Non
7973SOL-G14;1;b;Non
7973SOL-G15;1;a;Non
7973SOL-G15;1;b;Non
7973SOL-G16;1;a;Non
7973SOL-G16;1;b;Non
7973SOL-G17;1;a;Non
7973SOL-G17;1;b;Non
7973SOL-G18;1;a;Non
7973SOL-G19;1;a;Partielle
7973SOL-G19;1;b;Non
7973SOL-G19;1;c;Non
7973SOL-G19;1;d;Non
7973SOL-G2;1;a;Non
7973SOL-G2;1;b;Non
7973SOL-G2;1;c;Non
7973SOL-G20;1;a;Non
7973SOL-G20;1;b;Non
7973SOL-G21;1;a;Non
7973SOL-G21;1;b;Non
7973SOL-G21;1;c;Non
7973SOL-G3;1;a;Non
7973SOL-G3;1;b;Non
7973SOL-G3;1;c;Non
7973SOL-G4;1;a;Non
7973SOL-G5;1;a;Non
7973SOL-G6;1;a;Non
7973SOL-G6;1;b;Non
7973SOL-G7;1;a;Non
7973SOL-G8;1;a;Non
7973SOL-G8;1;b;Non
7973SOL-G9;1;a;Non
7973SOL-G9;1;b;Non
7978SOL-D1;1;a;Non
7978SOL-D1;1;b;Non
7978SOL-D10;1;a;Complete
7978SOL-D10;1;b;Complete
7978SOL-D11;1;a;Non
7978SOL-D11;1;b;Complete
7978SOL-D11;1;c;Complete
7978SOL-D12;1;a;Complete
7978SOL-D13;1;a;Non
7978SOL-D13;1;b;Partielle
7978SOL-D14;1;a;Partielle
7978SOL-D14;1;b;Non
7978SOL-D15;1;a;Non
7978SOL-D15;1;b;Non
7978SOL-D16;1;a;Non
7978SOL-D17;1;a;Non
7978SOL-D17;1;b;Non
7978SOL-D2;1;a;Non
7978SOL-D20;1;a;Non
7978SOL-D20;1;b;Non
7978SOL-D20;1;c;Non
7978SOL-D21;1;a;Non
7978SOL-D22;1;a;Non
7978SOL-D23;1;a;Non
7978SOL-D24;1;a;Non
7978SOL-D25;1;a;Partielle
7978SOL-D26;1;a;Non
7978SOL-D27;1;a;Partielle
7978SOL-D28;1;a;Complete
7978SOL-D29;1;a;Partielle
7978SOL-D3;1;a;Non
7978SOL-D3;1;b;Non
7978SOL-D30;1;a;Non
7978SOL-D30;1;b;Partielle
7978SOL-D31;1;a;Non
7978SOL-D31;1;b;Non
7978SOL-D32;1;a;Non
7978SOL-D33;1;a;Non
7978SOL-D33;1;b;Non
7978SOL-D33;1;c;Non
7978SOL-D4;1;a;Non
7978SOL-D5;1;a;Non
7978SOL-D6;1;a;Non
7978SOL-D7;1;a;Non
7978SOL-D7;1;b;Non
7978SOL-D8;1;a;Complete
7978SOL-D8;1;b;Non
7978SOL-D8;1;c;Non
7978SOL-D9;1;a;Complete
7978SOL-G1;1;a;Partielle
7978SOL-G1;1;b;Non
7978SOL-G10;1;a;Complete
7978SOL-G11;1;a;Non
7978SOL-G12;1;a;Complete
7978SOL-G13;1;a;Non
7978SOL-G14;1;a;Non
7978SOL-G14;1;b;Complete
7978SOL-G15;1;a;Non
7978SOL-G15;1;b;Non
7978SOL-G15;1;c;Non
7978SOL-G16;1;a;Non
7978SOL-G17;1;a;Non
7978SOL-G17;1;b;Non
7978SOL-G18;1;a;Non
7978SOL-G19;1;a;Non
7978SOL-G2;1;a;Complete
7978SOL-G20;1;a;Non
7978SOL-G20;1;b;Non
7978SOL-G20;1;c;Non
7978SOL-G21;1;a;Non
7978SOL-G3;1;a;Non
7978SOL-G4;1;a;Non
7978SOL-G4;1;b;Non
7978SOL-G5;1;a;Non
7978SOL-G8;1;a;Complete
7978SOL-G8;1;b;Non
7978SOL-G9;1;a;Non
7978SOL-G9;1;b;Non
7979SOL-D1;1;a;Non
7979SOL-D10;1;a;Non
7979SOL-D12;1;a;Non
7979SOL-D12;1;b;Non
7979SOL-D12;1;c;Non
7979SOL-D13;1;a;Non
7979SOL-D13;1;b;Non
7979SOL-D14;1;a;Non
7979SOL-D15;1;a;Non
7979SOL-D16;1;a;Non
7979SOL-D16;1;b;Non
7979SOL-D17;1;a;Non
7979SOL-D18;1;a;Non
7979SOL-D19;1;a;Non
7979SOL-D2;1;a;Non
7979SOL-D2;1;b;Partielle
7979SOL-D3;1;a;Non
7979SOL-D3;1;b;Non
7979SOL-D4;1;a;Non
7979SOL-D5;1;a;Non
7979SOL-D5;1;b;Non
7979SOL-D6;1;a;Non
7979SOL-D7;1;a;Non
7979SOL-D8;1;a;Non
7979SOL-D9;1;a;Non
7979SOL-G1;1;a;Non
7979SOL-G1;1;b;Non
7979SOL-G10;1;a;Non
7979SOL-G10;1;b;Non
7979SOL-G11;1;a;Non
7979SOL-G11;1;b;Non
7979SOL-G12;1;a;Non
7979SOL-G12;1;b;Non
7979SOL-G13;1;a;Non
7979SOL-G13;1;b;Non
7979SOL-G13;1;c;Non
7979SOL-G14;1;a;Non
7979SOL-G15;1;a;Non
7979SOL-G15;1;b;Non
7979SOL-G15;1;c;Non
7979SOL-G16;1;a;Non
7979SOL-G17;1;a;Non
7979SOL-G2;1;a;Non
7979SOL-G3;1;a;Non
7979SOL-G4;1;a;Non
7979SOL-G4;1;b;Non
7979SOL-G5;1;a;Non
7979SOL-G5;1;c;Non
7979SOL-G6;1;a;Non
7979SOL-G7;1;a;Non
7979SOL-G8;1;a;Non
7979SOL-G9;1;a;Non
7989SOL-D1;1;a;Complete
7989SOL-D1;1;b;Non
7989SOL-D10;1;a;Complete
7989SOL-D10;1;b;Non
7989SOL-D10;1;c;Non
7989SOL-D11;1;a;Non
7989SOL-D12;1;a;Non
7989SOL-D13;1;a;Non
7989SOL-D2;1;a;Non
7989SOL-D2;1;b;Non
7989SOL-D3;1;a;Non
7989SOL-D4;1;a;Non
7989SOL-D5;1;a;Partielle
7989SOL-D7;1;a;Non
7989SOL-D7;1;b;Complete
7989SOL-D7;1;c;Complete
7989SOL-D8;1;a;Non
7989SOL-D8;1;b;Non
7989SOL-D9;1;a;Complete
7989SOL-G1;1;a;Non
7989SOL-G10;1;a;Non
7989SOL-G10;1;b;Non
7989SOL-G11;1;a;Non
7989SOL-G11;1;b;Non
7989SOL-G11;1;c;Non
7989SOL-G12;1;a;Non
7989SOL-G2;1;a;Non
7989SOL-G3;1;a;Non
7989SOL-G4;1;a;Non
7989SOL-G5;1;a;Non
7989SOL-G6;1;a;Non
7989SOL-G7;1;a;Non
7989SOL-G8;1;a;Non
7989SOL-G9;1;a;Non
